0	1	sfx\ambient\day_ambience_left.wav
1	1	sfx\ambient\day_ambience_right.wav
2	1	sfx\ambient\heavy_rain_ambience_left.wav
3	1	sfx\ambient\heavy_rain_ambience_right.wav
4	1	sfx\ambient\light_rain_ambience_left.wav
5	1	sfx\ambient\light_rain_ambience_right.wav
6	1	sfx\ambient\night_ambience_left.wav
7	1	sfx\ambient\night_ambience_right.wav
8	1	sfx\animals\bees.wav
9	1	sfx\animals\cow1.wav
10	1	sfx\animals\cow2.wav
11	1	sfx\animals\cow3.wav
12	1	sfx\animals\dog1.wav
13	1	sfx\animals\dog2.wav
14	1	sfx\animals\dog3.wav
15	1	sfx\animals\duck1.wav
16	1	sfx\animals\duck2.wav
17	1	sfx\animals\duck3.wav
18	1	sfx\animals\duck4.wav
19	1	sfx\animals\goose1.wav
20	1	sfx\animals\goose2.wav
21	1	sfx\animals\goose3.wav
22	1	sfx\animals\goose4.wav
23	1	sfx\animals\hen1.wav
24	1	sfx\animals\hen2.wav
25	1	sfx\animals\hen3.wav
26	1	sfx\animals\hen4.wav
27	1	sfx\animals\rooster.wav
28	1	sfx\hero\fall.wav
29	1	sfx\hero\jump.wav
30	1	sfx\hero\step0.wav
31	1	sfx\hero\step1.wav
32	1	sfx\hero\step2.wav
33	1	sfx\hero\step3.wav
34	1	sfx\hero\step_mud0.wav
35	1	sfx\hero\step_mud1.wav
36	1	sfx\hero\step_mud2.wav
37	1	sfx\hero\step_mud3.wav
38	1	sfx\hero\swim0.wav
39	1	sfx\hero\swim1.wav
40	1	sfx\hero\swim2.wav
41	1	sfx\hero\swim3.wav
42	1	sfx\objects\door_close_metal.wav
43	1	sfx\objects\door_close_wood.wav
44	1	sfx\objects\door_open_metal.wav
45	1	sfx\objects\door_open_wood.wav
46	1	sfx\objects\fireplace.wav
47	1	sfx\objects\gate_close_metal.wav
48	1	sfx\objects\gate_close_wood.wav
49	1	sfx\objects\gate_open_metal.wav
50	1	sfx\objects\gate_open_wood.wav
51	1	sfx\objects\greenhouse_watering.wav
52	1	sfx\objects\rail_crossing_bell.wav
53	1	sfx\objects\switch.wav
54	1	sfx\system\empty.wav
55	1	sfx\system\menu.wav
56	1	sfx\system\new_task.wav
57	1	sfx\system\race_beep_go.wav
58	1	sfx\system\race_beep_ready.wav
59	1	sfx\tools\brush_painting1.wav
60	1	sfx\tools\brush_painting2.wav
61	1	sfx\tools\brush_painting3.wav
62	1	sfx\tools\brush_painting4.wav
63	1	sfx\tools\brush_painting5.wav
64	1	sfx\tools\chainsaw_cut.wav
65	1	sfx\tools\chainsaw_idle.wav
66	1	sfx\tools\chainsaw_start.wav
67	1	sfx\tools\chainsaw_stop.wav
68	1	sfx\tools\grinder1.wav
69	1	sfx\tools\grinder2.wav
70	1	sfx\tools\grinder3.wav
71	1	sfx\tools\grinder4.wav
72	1	sfx\tools\grinder5.wav
73	1	sfx\tools\hammer_brick_hit1.wav
74	1	sfx\tools\hammer_brick_hit2.wav
75	1	sfx\tools\hammer_brick_hit3.wav
76	1	sfx\tools\hammer_brick_hit4.wav
77	1	sfx\tools\hammer_brick_hit5.wav
78	1	sfx\tools\hammer_metal_hit1.wav
79	1	sfx\tools\hammer_metal_hit2.wav
80	1	sfx\tools\hammer_metal_hit3.wav
81	1	sfx\tools\hammer_metal_hit4.wav
82	1	sfx\tools\hammer_metal_hit5.wav
83	1	sfx\tools\hammer_wood_hit1.wav
84	1	sfx\tools\hammer_wood_hit2.wav
85	1	sfx\tools\hammer_wood_hit3.wav
86	1	sfx\tools\hammer_wood_hit4.wav
87	1	sfx\tools\hammer_wood_hit5.wav
88	1	sfx\tools\hit1.wav
89	1	sfx\tools\hit2.wav
90	1	sfx\tools\hit3.wav
91	1	sfx\tools\hit4.wav
92	1	sfx\tools\hit5.wav
93	1	sfx\tools\hit6.wav
94	1	sfx\tools\hit7.wav
95	1	sfx\tools\hit8.wav
96	1	sfx\tools\nailer_hit1.wav
97	1	sfx\tools\nailer_hit2.wav
98	1	sfx\tools\nailer_hit3.wav
99	1	sfx\tools\nailer_hit4.wav
100	1	sfx\tools\nailer_hit5.wav
101	1	sfx\tools\nailer_hit6.wav
102	1	sfx\tools\nailer_hit7.wav
103	1	sfx\tools\nailer_hit8.wav
104	1	sfx\tools\plaster_drag1.wav
105	1	sfx\tools\plaster_drag2.wav
106	1	sfx\tools\plaster_drag3.wav
107	1	sfx\tools\plaster_drag4.wav
108	1	sfx\tools\plaster_drag5.wav
109	1	sfx\vehicles\car_idle1.wav
110	1	sfx\vehicles\car_start1.wav
111	1	sfx\vehicles\car_stop1.wav
112	1	sfx\vehicles\car_work1.wav
113	1	sfx\vehicles\direction_back.wav
114	1	sfx\vehicles\direction_forward.wav
115	1	sfx\vehicles\door_close.wav
116	1	sfx\vehicles\door_open.wav
117	1	sfx\vehicles\drone.wav
118	1	sfx\vehicles\engine_stop1.wav
119	1	sfx\vehicles\gear_down.wav
120	1	sfx\vehicles\gear_up.wav
121	1	sfx\vehicles\harvesterL6_idle.wav
122	1	sfx\vehicles\harvesterL6_start.wav
123	1	sfx\vehicles\harvesterL6_stop.wav
124	1	sfx\vehicles\harvesterL6_work.wav
125	1	sfx\vehicles\harvester_beets1.wav
126	1	sfx\vehicles\harvester_beets2.wav
127	1	sfx\vehicles\harvester_engine_idle1.wav
128	1	sfx\vehicles\harvester_engine_work1.wav
129	1	sfx\vehicles\harvester_work_off.wav
130	1	sfx\vehicles\harvester_work_on.wav
131	1	sfx\vehicles\header.wav
132	1	sfx\vehicles\hitch.wav
133	1	sfx\vehicles\hitch_3p.wav
134	1	sfx\vehicles\motorsense_cut1.wav
135	1	sfx\vehicles\motorsense_cut2.wav
136	1	sfx\vehicles\motorsense_cut3.wav
137	1	sfx\vehicles\motorsense_engine.wav
138	1	sfx\vehicles\motorsense_idle.wav
139	1	sfx\vehicles\motorsense_idle2.wav
140	1	sfx\vehicles\motorsense_start.wav
141	1	sfx\vehicles\motorsense_stop.wav
142	1	sfx\vehicles\mud_spin1.wav
143	1	sfx\vehicles\mud_spin2.wav
144	1	sfx\vehicles\mud_spin3.wav
145	1	sfx\vehicles\mud_spin4.wav
146	1	sfx\vehicles\mud_spin5.wav
147	1	sfx\vehicles\mud_spin6.wav
148	1	sfx\vehicles\mud_spin7.wav
149	1	sfx\vehicles\mud_spin8.wav
150	1	sfx\vehicles\old_harvester_engine_idle1.wav
151	1	sfx\vehicles\old_harvester_engine_start1.wav
152	1	sfx\vehicles\old_harvester_engine_stop1.wav
153	1	sfx\vehicles\old_harvester_engine_work1.wav
154	1	sfx\vehicles\plane.wav
155	1	sfx\vehicles\reverse_beep.wav
156	1	sfx\vehicles\speed_down.wav
157	1	sfx\vehicles\speed_up.wav
158	1	sfx\vehicles\tractor_engine_idle1.wav
159	1	sfx\vehicles\tractor_engine_start1.wav
160	1	sfx\vehicles\tractor_engine_work1.wav
161	1	sfx\vehicles\tractor_L134_engine_idle1.wav
162	1	sfx\vehicles\tractor_L134_engine_start1.wav
163	1	sfx\vehicles\tractor_L134_engine_stop1.wav
164	1	sfx\vehicles\tractor_L134_engine_work1.wav
165	1	sfx\vehicles\tractor_mowing.wav
166	1	sfx\vehicles\train_far.wav
167	1	sfx\vehicles\train_horn.wav
168	1	sfx\vehicles\train_near.wav
169	1	sfx\vehicles\unhitch.wav
170	1	sfx\vehicles\unhitch_3p.wav
171	1	sfx\vehicles\van2_idle1.wav
172	1	sfx\vehicles\van2_start1.wav
173	1	sfx\vehicles\van2_stop1.wav
174	1	sfx\vehicles\van2_work1.wav
175	1	sfx\vehicles\van_idle1.wav
176	1	sfx\vehicles\van_start1.wav
177	1	sfx\vehicles\van_stop1.wav
178	1	sfx\vehicles\van_work1.wav
179	1	sfx\vehicles\water_spin1.wav
180	1	sfx\vehicles\water_spin2.wav
181	1	sfx\vehicles\water_spin3.wav
182	1	sfx\vehicles\water_spin4.wav
183	1	sfx\vehicles\water_spin5.wav
184	1	sfx\vehicles\water_spin6.wav
185	1	sfx\vehicles\water_spin7.wav
186	1	sfx\vehicles\water_spin8.wav
187	1	sfx\vehicles\water_splash1.wav
188	1	sfx\vehicles\water_splash2.wav
189	1	sfx\vehicles\water_splash3.wav
190	1	sfx\vehicles\water_splash4.wav
191	1	sfx\vehicles\water_splash5.wav
192	1	sfx\vehicles\water_splash6.wav
193	1	sfx\vehicles\water_splash7.wav
194	1	sfx\vehicles\water_splash8.wav