0	0	scripts\action_params.txt
1	0	scripts\actors\child1.txt
2	0	scripts\actors\child1_3y.txt
3	0	scripts\actors\child2.txt
4	0	scripts\actors\child2_3y.txt
5	0	scripts\actors\coffee1.txt
6	0	scripts\actors\coffee2.txt
7	0	scripts\actors\coffee3.txt
8	0	scripts\actors\dog.txt
9	0	scripts\actors\dog_unused.txt
10	0	scripts\actors\festival1.txt
11	0	scripts\actors\hen1.txt
12	0	scripts\actors\hero.txt
13	0	scripts\actors\hero_wedding_day.txt
14	0	scripts\actors\man1.txt
15	0	scripts\actors\man1_will1.txt
16	0	scripts\actors\man2.txt
17	0	scripts\actors\man2_steve1.txt
18	0	scripts\actors\man3.txt
19	0	scripts\actors\man3_frank1.txt
20	0	scripts\actors\man3_John_salesman.txt
21	0	scripts\actors\man4.txt
22	0	scripts\actors\man4_calvin1.txt
23	0	scripts\actors\man5.txt
24	0	scripts\actors\man6.txt
25	0	scripts\actors\man6_sam1.txt
26	0	scripts\actors\man7.txt
27	0	scripts\actors\neighbour_1.txt
28	0	scripts\actors\neighbour_2.txt
29	0	scripts\actors\pastor.txt
30	0	scripts\actors\woman1.txt
31	0	scripts\actors\woman1_pregnant.txt
32	0	scripts\actors\woman2.txt
33	0	scripts\actors\woman2_pregnant.txt
34	0	scripts\actors\woman3.txt
35	0	scripts\actors\woman3_clara1.txt
36	0	scripts\actors\woman3_pregnant.txt
37	0	scripts\actors\woman4.txt
38	0	scripts\actors\woman4_pregnant.txt
39	0	scripts\actors\woman4_sybil1.txt
40	0	scripts\actors\woman5.txt
41	0	scripts\actors\woman5_becky1.txt
42	0	scripts\actors\woman5_pregnant.txt
43	0	scripts\actors\woman6.txt
44	0	scripts\actors\woman6_janet1.txt
45	0	scripts\actors\woman6_lydia1.txt
46	0	scripts\actors\woman6_pregnant.txt
47	0	scripts\actors\woman_wedding_day.txt
48	0	scripts\animations_rotate.txt
49	0	scripts\animation_descriptions.txt
50	0	scripts\buildings\al_basemant_1.txt
51	0	scripts\buildings\al_roof_1.txt
52	0	scripts\buildings\al_shingle_1.txt
53	0	scripts\buildings\al_wall_1.txt
54	0	scripts\buildings\al_wall_2.txt
55	0	scripts\buildings\an_roof.txt
56	0	scripts\buildings\an_wood_pylon.txt
57	0	scripts\buildings\an_wood_wall_1.txt
58	0	scripts\buildings\an_wood_wall_2.txt
59	0	scripts\buildings\an_wood_wall_door.txt
60	0	scripts\buildings\an_wood_wall_front.txt
61	0	scripts\buildings\bn_brick_wall_1.txt
62	0	scripts\buildings\bn_brick_wall_2.txt
63	0	scripts\buildings\bn_brick_wall_corner_1.txt
64	0	scripts\buildings\bn_brick_wall_corner_2.txt
65	0	scripts\buildings\bn_brick_wall_door.txt
66	0	scripts\buildings\bn_brick_wall_gate_1.txt
67	0	scripts\buildings\bn_brick_wall_gate_2.txt
68	0	scripts\buildings\bn_door.txt
69	0	scripts\buildings\bn_gateL_1.txt
70	0	scripts\buildings\bn_gateR_1.txt
71	0	scripts\buildings\bn_pavement.txt
72	0	scripts\buildings\bn_pylon_1.txt
73	0	scripts\buildings\bn_pylon_2.txt
74	0	scripts\buildings\bn_pylon_front.txt
75	0	scripts\buildings\bn_roof_wood_1.txt
76	0	scripts\buildings\bn_roof_wood_2.txt
77	0	scripts\buildings\bn_roof_wood_3.txt
78	0	scripts\buildings\bn_roof_wood_4.txt
79	0	scripts\buildings\bn_wall_1.txt
80	0	scripts\buildings\bn_wall_3.txt
81	0	scripts\buildings\bn_wall_corner_1.txt
82	0	scripts\buildings\bn_wall_corner_2.txt
83	0	scripts\buildings\bn_wall_door.txt
84	0	scripts\buildings\bn_wall_front.txt
85	0	scripts\buildings\bn_wall_gate_1.txt
86	0	scripts\buildings\bn_wall_gate_2.txt
87	0	scripts\buildings\cs_cow_stall_1.txt
88	0	scripts\buildings\cs_door_1.txt
89	0	scripts\buildings\cs_door_2.txt
90	0	scripts\buildings\cs_door_2_2.txt
91	0	scripts\buildings\cs_floor_1.txt
92	0	scripts\buildings\cs_floor_2.txt
93	0	scripts\buildings\cs_pylon_1.txt
94	0	scripts\buildings\cs_pylon_2.txt
95	0	scripts\buildings\cs_roof_1.txt
96	0	scripts\buildings\cs_roof_2.txt
97	0	scripts\buildings\cs_roof_3.txt
98	0	scripts\buildings\cs_roof_4.txt
99	0	scripts\buildings\cs_stairs_1.txt
100	0	scripts\buildings\cs_string_course_1.txt
101	0	scripts\buildings\cs_string_course_2.txt
102	0	scripts\buildings\cs_wall_1.txt
103	0	scripts\buildings\cs_wall_2.txt
104	0	scripts\buildings\cs_wall_3.txt
105	0	scripts\buildings\cs_wall_4.txt
106	0	scripts\buildings\cs_wall_corner_1.txt
107	0	scripts\buildings\cs_wall_corner_2.txt
108	0	scripts\buildings\cs_wall_corner_2_2.txt
109	0	scripts\buildings\cs_wall_door_1.txt
110	0	scripts\buildings\cs_wall_door_2.txt
111	0	scripts\buildings\cs_wall_gate_1.txt
112	0	scripts\buildings\cs_wall_up_1.txt
113	0	scripts\buildings\cs_wall_up_2.txt
114	0	scripts\buildings\cs_wall_up_3.txt
115	0	scripts\buildings\cs_wall_up_4.txt
116	0	scripts\buildings\cs_wall_up_5.txt
117	0	scripts\buildings\cs_wall_up_6.txt
118	0	scripts\buildings\cs_wall_up_corner_1.txt
119	0	scripts\buildings\cs_wall_up_corner_2.txt
120	0	scripts\buildings\cs_wall_up_front_1.txt
121	0	scripts\buildings\dh_doghouse.txt
122	0	scripts\buildings\fence_4.txt
123	0	scripts\buildings\fence_5.txt
124	0	scripts\buildings\fence_gateL_5.txt
125	0	scripts\buildings\fence_gateR_5.txt
126	0	scripts\buildings\fence_metal_1.txt
127	0	scripts\buildings\fence_pole_5.txt
128	0	scripts\buildings\fence_wicket_5.txt
129	0	scripts\buildings\gh2_basement.txt
130	0	scripts\buildings\gh2_basement_corner_1.txt
131	0	scripts\buildings\gh2_basement_corner_2.txt
132	0	scripts\buildings\gh2_basement_corner_3.txt
133	0	scripts\buildings\gh2_basement_corner_4.txt
134	0	scripts\buildings\gh2_basement_door.txt
135	0	scripts\buildings\gh2_door.txt
136	0	scripts\buildings\gh2_pavement.txt
137	0	scripts\buildings\gh2_pylon.txt
138	0	scripts\buildings\gh2_roof_1.txt
139	0	scripts\buildings\gh2_roof_2.txt
140	0	scripts\buildings\gh2_seedling.txt
141	0	scripts\buildings\gh2_table.txt
142	0	scripts\buildings\gh2_wall_1.txt
143	0	scripts\buildings\gh2_wall_2.txt
144	0	scripts\buildings\gh2_wall_3.txt
145	0	scripts\buildings\gh2_wall_door.txt
146	0	scripts\buildings\gh2_wall_front.txt
147	0	scripts\buildings\gh2_window_1.txt
148	0	scripts\buildings\gh_basement.txt
149	0	scripts\buildings\gh_basement_corner_1.txt
150	0	scripts\buildings\gh_basement_corner_2.txt
151	0	scripts\buildings\gh_basement_corner_3.txt
152	0	scripts\buildings\gh_basement_corner_4.txt
153	0	scripts\buildings\gh_basement_door.txt
154	0	scripts\buildings\gh_door.txt
155	0	scripts\buildings\gh_pavement.txt
156	0	scripts\buildings\gh_pylon.txt
157	0	scripts\buildings\gh_roof.txt
158	0	scripts\buildings\gh_seedling.txt
159	0	scripts\buildings\gh_table.txt
160	0	scripts\buildings\gh_wall.txt
161	0	scripts\buildings\gh_wall_door.txt
162	0	scripts\buildings\gh_wall_front.txt
163	0	scripts\buildings\gh_window_1.txt
164	0	scripts\buildings\gh_window_2.txt
165	0	scripts\buildings\gh_window_3.txt
166	0	scripts\buildings\gh_window_4.txt
167	0	scripts\buildings\gh_window_4_vent.txt
168	0	scripts\buildings\gr_gate_1.txt
169	0	scripts\buildings\gr_gate_2.txt
170	0	scripts\buildings\gr_roof_1.txt
171	0	scripts\buildings\gr_roof_2.txt
172	0	scripts\buildings\gr_wall_1.txt
173	0	scripts\buildings\gr_wall_2.txt
174	0	scripts\buildings\gr_wall_3.txt
175	0	scripts\buildings\gr_wall_4.txt
176	0	scripts\buildings\gr_wall_corner_1.txt
177	0	scripts\buildings\gr_wall_corner_2.txt
178	0	scripts\buildings\gr_wall_corner_door_2.txt
179	0	scripts\buildings\gr_wall_corner_window_1.txt
180	0	scripts\buildings\gr_wall_corner_window_2.txt
181	0	scripts\buildings\gr_wall_door_2.txt
182	0	scripts\buildings\gr_wall_gate.txt
183	0	scripts\buildings\gr_wall_gate_2.txt
184	0	scripts\buildings\gr_wall_gate_3.txt
185	0	scripts\buildings\gr_wall_inter_1.txt
186	0	scripts\buildings\gr_wall_inter_2.txt
187	0	scripts\buildings\gr_wall_up_1.txt
188	0	scripts\buildings\gr_wall_up_2.txt
189	0	scripts\buildings\gr_wall_up_3.txt
190	0	scripts\buildings\gr_wall_up_4.txt
191	0	scripts\buildings\gr_wall_up_corner_1.txt
192	0	scripts\buildings\gr_wall_up_corner_2.txt
193	0	scripts\buildings\gr_wall_up_corner_3.txt
194	0	scripts\buildings\gr_wall_up_corner_4.txt
195	0	scripts\buildings\gr_wall_up_inner_1.txt
196	0	scripts\buildings\gr_wall_up_inner_2.txt
197	0	scripts\buildings\gr_wall_up_window_1.txt
198	0	scripts\buildings\gr_wall_up_window_2.txt
199	0	scripts\buildings\gr_wall_window_1.txt
200	0	scripts\buildings\hh_door_1.txt
201	0	scripts\buildings\hh_door_2.txt
202	0	scripts\buildings\hh_fence_1.txt
203	0	scripts\buildings\hh_fence_2.txt
204	0	scripts\buildings\hh_fence_3.txt
205	0	scripts\buildings\hh_pylon_1.txt
206	0	scripts\buildings\hh_roof_1.txt
207	0	scripts\buildings\hh_roof_front_1.txt
208	0	scripts\buildings\hh_wall_1.txt
209	0	scripts\buildings\hh_wall_corner_1.txt
210	0	scripts\buildings\hh_wall_corner_2.txt
211	0	scripts\buildings\hh_wall_door_1.txt
212	0	scripts\buildings\hh_wall_henbox_1.txt
213	0	scripts\buildings\hh_wall_roost_1.txt
214	0	scripts\buildings\hh_wall_window_1.txt
215	0	scripts\buildings\hh_wall_window_2.txt
216	0	scripts\buildings\hs_basement_1.txt
217	0	scripts\buildings\hs_ceiling_1.txt
218	0	scripts\buildings\hs_chimney_1.txt
219	0	scripts\buildings\hs_door_1.txt
220	0	scripts\buildings\hs_floor_1.txt
221	0	scripts\buildings\hs_gutter_1.txt
222	0	scripts\buildings\hs_innerwall_1.txt
223	0	scripts\buildings\hs_innerwall_corner_1.txt
224	0	scripts\buildings\hs_innerwall_corner_1_2.txt
225	0	scripts\buildings\hs_innerwall_door_1.txt
226	0	scripts\buildings\hs_innerwall_window_1.txt
227	0	scripts\buildings\hs_innerwall_window_2.txt
228	0	scripts\buildings\hs_innerwall_window_3.txt
229	0	scripts\buildings\hs_innerwall_window_4.txt
230	0	scripts\buildings\hs_porch_1.txt
231	0	scripts\buildings\hs_roof_1.txt
232	0	scripts\buildings\hs_roof_2.txt
233	0	scripts\buildings\hs_roof_3.txt
234	0	scripts\buildings\hs_stairs_1.txt
235	0	scripts\buildings\hs_stairs_2.txt
236	0	scripts\buildings\hs_stairs_3.txt
237	0	scripts\buildings\hs_stairs_4.txt
238	0	scripts\buildings\hs_string_course_1.txt
239	0	scripts\buildings\hs_wall_1_1.txt
240	0	scripts\buildings\hs_wall_corner_1.txt
241	0	scripts\buildings\hs_wall_corner_2.txt
242	0	scripts\buildings\hs_wall_corner_2_1.txt
243	0	scripts\buildings\hs_wall_door_1.txt
244	0	scripts\buildings\hs_wall_porch_1.txt
245	0	scripts\buildings\hs_wall_stairs_1.txt
246	0	scripts\buildings\hs_wall_up_front_1.txt
247	0	scripts\buildings\hs_wall_window_1.txt
248	0	scripts\buildings\hs_wall_window_2.txt
249	0	scripts\buildings\hs_wall_window_3.txt
250	0	scripts\buildings\hs_wall_window_4.txt
251	0	scripts\buildings\pg_playground.txt
252	0	scripts\buildings\sl_plate2_1_1.txt
253	0	scripts\buildings\sl_plate2_1_2.txt
254	0	scripts\buildings\sl_plate2_2.txt
255	0	scripts\buildings\sl_plate2_3.txt
256	0	scripts\buildings\sl_plate2_4.txt
257	0	scripts\buildings\sl_plate2_5.txt
258	0	scripts\buildings\sl_plate2_6.txt
259	0	scripts\buildings\sl_plate_1_1.txt
260	0	scripts\buildings\sl_plate_1_2.txt
261	0	scripts\buildings\sl_plate_2.txt
262	0	scripts\buildings\sl_plate_3.txt
263	0	scripts\buildings\sl_plate_4.txt
264	0	scripts\buildings\sl_plate_5.txt
265	0	scripts\buildings\sl_plate_6.txt
266	0	scripts\buildings\sl_top2_1_1.txt
267	0	scripts\buildings\sl_top_1_1.txt
268	0	scripts\buildings\well_construction.txt
269	0	scripts\buildings\well_roof.txt
270	0	scripts\buildings\well_tube.txt
271	0	scripts\clothing_variants.txt
272	0	scripts\creation_params.txt
273	0	scripts\credits.txt
274	0	scripts\crops.txt
275	0	scripts\cutscenes\wedding.txt
276	0	scripts\dialogs\becky1_hero.txt
277	0	scripts\dialogs\calvin1_hero.txt
278	0	scripts\dialogs\civilian_random.txt
279	0	scripts\dialogs\clara1_hero.txt
280	0	scripts\dialogs\frank1_hero.txt
281	0	scripts\dialogs\janet1_hero.txt
282	0	scripts\dialogs\john1_hero.txt
283	0	scripts\dialogs\lydia1_hero.txt
284	0	scripts\dialogs\NPC_quest.txt
285	0	scripts\dialogs\olivier_intro.txt
286	0	scripts\dialogs\sam1_hero.txt
287	0	scripts\dialogs\steve1_hero.txt
288	0	scripts\dialogs\sybil1_hero.txt
289	0	scripts\fix_building_parts.txt
290	0	scripts\furniture.txt
291	0	scripts\grass\map1.txt
292	0	scripts\grass\test.txt
293	0	scripts\greenhouse.txt
294	0	scripts\items.txt
295	0	scripts\lamps.txt
296	0	scripts\languages.txt
297	0	scripts\lensflares\lensflare_dzien.txt
298	0	scripts\lensflares\lensflare_noc.txt
299	0	scripts\material_defs.txt
300	0	scripts\mesh_lods.txt
301	0	scripts\mesh_sockets\prefabs_Buildings_BP_depot_conveyor1_nocenter_X.txt
302	0	scripts\mesh_sockets\prefabs_Buildings_BP_depot_conveyor2_nocenter_X.txt
303	0	scripts\mesh_sockets\prefabs_Buildings_building_materials_europallet_airbrick_nocenter_X.txt
304	0	scripts\mesh_sockets\prefabs_Buildings_building_materials_europallet_bitumen_nocenter_X.txt
305	0	scripts\mesh_sockets\prefabs_Buildings_building_materials_europallet_brick_nocenter_X.txt
306	0	scripts\mesh_sockets\prefabs_Buildings_building_materials_europallet_ceramic_roof_nocenter_X.txt
307	0	scripts\mesh_sockets\prefabs_Buildings_building_materials_europallet_ceramic_tile_nocenter_X.txt
308	0	scripts\mesh_sockets\prefabs_Buildings_building_materials_europallet_finish_coat_nocenter_X.txt
309	0	scripts\mesh_sockets\prefabs_Buildings_building_materials_europallet_impregnante_nocenter_X.txt
310	0	scripts\mesh_sockets\prefabs_Buildings_building_materials_europallet_metal_planks_nocenter_X.txt
311	0	scripts\mesh_sockets\prefabs_Buildings_building_materials_europallet_metal_red_roof_nocenter_X.txt
312	0	scripts\mesh_sockets\prefabs_Buildings_building_materials_europallet_metal_roof_nocenter_X.txt
313	0	scripts\mesh_sockets\prefabs_Buildings_building_materials_europallet_plaster_nocenter_X.txt
314	0	scripts\mesh_sockets\prefabs_Buildings_building_materials_europallet_scratch_coat_nocenter_X.txt
315	0	scripts\mesh_sockets\prefabs_Buildings_building_materials_europallet_shingle_green_nocenter_X.txt
316	0	scripts\mesh_sockets\prefabs_Buildings_building_materials_europallet_shingle_nocenter_X.txt
317	0	scripts\mesh_sockets\prefabs_Buildings_building_materials_europallet_shingle_PV_nocenter_X.txt
318	0	scripts\mesh_sockets\prefabs_Buildings_building_materials_europallet_wood_nocenter_X.txt
319	0	scripts\mesh_sockets\prefabs_Buildings_furniture_bed_fake1_X.txt
320	0	scripts\mesh_sockets\prefabs_Buildings_furniture_f_crib_new_nocenter_X.txt
321	0	scripts\mesh_sockets\prefabs_Buildings_furniture_kitchen_new_nocenter_X.txt
322	0	scripts\mesh_sockets\prefabs_Buildings_furniture_kitchen_old_nocenter_X.txt
323	0	scripts\mesh_sockets\prefabs_Buildings_grain_blower_grain_blower_nocenter_X.txt
324	0	scripts\mesh_sockets\prefabs_Buildings_Greenhouses2_hydrosysyem_nocenter_X.txt
325	0	scripts\mesh_sockets\prefabs_Buildings_held_materials_held_hammer_nocenter_X.txt
326	0	scripts\mesh_sockets\prefabs_Buildings_held_materials_held_plaster_nocenter_X.txt
327	0	scripts\mesh_sockets\prefabs_Buildings_held_materials_held_trowel_nocenter_X.txt
328	0	scripts\mesh_sockets\prefabs_Buildings_ladder_nocenter_X.txt
329	0	scripts\mesh_sockets\prefabs_Buildings_Silo_silo_big_nocenter_X.txt
330	0	scripts\mesh_sockets\prefabs_Buildings_Silo_silo_small_nocenter_X.txt
331	0	scripts\mesh_sockets\prefabs_Buildings_Silo_sl_concrete_new_base_2_1_nocenter_X.txt
332	0	scripts\mesh_sockets\prefabs_Buildings_slurry_pump_slurry_pump_nocenter_X.txt
333	0	scripts\mesh_sockets\prefabs_Buildings_world_bar_nocenter_X.txt
334	0	scripts\mesh_sockets\prefabs_Buildings_world_coffee_shop_nocenter_X.txt
335	0	scripts\mesh_sockets\prefabs_Buildings_world_shop_building_materials_ramp_nocenter_X.txt
336	0	scripts\mesh_sockets\prefabs_Buildings_world_stalls_nocenter_X.txt
337	0	scripts\mesh_sockets\prefabs_Buildings_world_windmill_old_motor_nocenter_X.txt
338	0	scripts\mesh_sockets\prefabs_Buildings_world_windmill_old_nocenter_X.txt
339	0	scripts\mesh_sockets\prefabs_models_attachments_hero_hat_headlamp_nocenter_X.txt
340	0	scripts\mesh_sockets\prefabs_objects_bench001_X.txt
341	0	scripts\mesh_sockets\prefabs_objects_bench002_X.txt
342	0	scripts\mesh_sockets\prefabs_objects_lamp001_nocenter_X.txt
343	0	scripts\mesh_sockets\prefabs_objects_lamp002_nocenter_X.txt
344	0	scripts\mesh_sockets\prefabs_objects_lamp003_nocenter_X.txt
345	0	scripts\mesh_sockets\prefabs_objects_lamp004_nocenter_X.txt
346	0	scripts\mesh_sockets\prefabs_objects_lamp005_nocenter_X.txt
347	0	scripts\mesh_sockets\prefabs_objects_pole001_nocenter_X.txt
348	0	scripts\mesh_sockets\prefabs_objects_pole002_nocenter_X.txt
349	0	scripts\mesh_sockets\prefabs_objects_pole003_nocenter_X.txt
350	0	scripts\mesh_sockets\prefabs_objects_pole004_nocenter_X.txt
351	0	scripts\mesh_sockets\prefabs_objects_pole005_nocenter_X.txt
352	0	scripts\mesh_sockets\prefabs_objects_railway_pole_nocenter_X.txt
353	0	scripts\mesh_sockets\prefabs_objects_tools_tool_broom_nocenter_X.txt
354	0	scripts\mesh_sockets\prefabs_objects_tools_tool_bucket_nocenter_X.txt
355	0	scripts\mesh_sockets\prefabs_objects_tools_tool_greenhouse_bowl_nocenter_X.txt
356	0	scripts\mesh_sockets\prefabs_objects_tools_tool_hoe_nocenter_X.txt
357	0	scripts\mesh_sockets\prefabs_objects_tools_tool_rake_nocenter_X.txt
358	0	scripts\mesh_sockets\prefabs_objects_tools_tool_shovel_nocenter_X.txt
359	0	scripts\mesh_sockets\prefabs_objects_tools_tool_watering_can_nocenter_X.txt
360	0	scripts\mesh_sockets\prefabs_objects_tools_tool_wood_log_holder_X.txt
361	0	scripts\mesh_sockets\prefabs_special_chair_fake_nocenter_X.txt
362	0	scripts\mesh_sockets\prefabs_trees_apple01_nocenter_X.txt
363	0	scripts\mesh_sockets\prefabs_vehicles_beets_harvester_beets_harvester_nocenter_X.txt
364	0	scripts\mesh_sockets\prefabs_vehicles_beets_harvester_header_nocenter_X.txt
365	0	scripts\mesh_sockets\prefabs_vehicles_beets_harvester_lift1_nocenter_X.txt
366	0	scripts\mesh_sockets\prefabs_vehicles_beets_harvester_lift2_nocenter_X.txt
367	0	scripts\mesh_sockets\prefabs_vehicles_beets_seeder_arm2_left_nocenter_X.txt
368	0	scripts\mesh_sockets\prefabs_vehicles_beets_seeder_arm2_right_nocenter_X.txt
369	0	scripts\mesh_sockets\prefabs_vehicles_beets_seeder_arm_left_nocenter_X.txt
370	0	scripts\mesh_sockets\prefabs_vehicles_beets_seeder_arm_right_nocenter_X.txt
371	0	scripts\mesh_sockets\prefabs_vehicles_beets_seeder_beets_seeder_nocenter_X.txt
372	0	scripts\mesh_sockets\prefabs_vehicles_beets_seeder_left_side_nocenter_X.txt
373	0	scripts\mesh_sockets\prefabs_vehicles_beets_seeder_right_side_nocenter_X.txt
374	0	scripts\mesh_sockets\prefabs_vehicles_car_001_car_001_nocenter_X.txt
375	0	scripts\mesh_sockets\prefabs_vehicles_car_002_car_002_nocenter_X.txt
376	0	scripts\mesh_sockets\prefabs_vehicles_car_003_car_003_nocenter_X.txt
377	0	scripts\mesh_sockets\prefabs_vehicles_cultivator_AC3002_backside_nocenter_X.txt
378	0	scripts\mesh_sockets\prefabs_vehicles_cultivator_AC3002_cultivator_AC3002_nocenter_X.txt
379	0	scripts\mesh_sockets\prefabs_vehicles_cultivator_AKG4000_cultivator_AKG4000_nocenter_X.txt
380	0	scripts\mesh_sockets\prefabs_vehicles_cultivator_BGF_cultivator_BGF_nocenter_X.txt
381	0	scripts\mesh_sockets\prefabs_vehicles_drone2_drone2_nocenter_X.txt
382	0	scripts\mesh_sockets\prefabs_vehicles_drone_drone_nocenter_X.txt
383	0	scripts\mesh_sockets\prefabs_vehicles_fertilizer_A1501_fertilizer_A1501_nocenter_X.txt
384	0	scripts\mesh_sockets\prefabs_vehicles_fertilizer_RTWS_fertilizer_RTWS_nocenter_X.txt
385	0	scripts\mesh_sockets\prefabs_vehicles_fishing_rod_fishing_rod_nocenter_X.txt
386	0	scripts\mesh_sockets\prefabs_vehicles_grass_mower_grass_mower_nocenter_X.txt
387	0	scripts\mesh_sockets\prefabs_vehicles_harvester_L6_harvester_L6_lift_nocenter_X.txt
388	0	scripts\mesh_sockets\prefabs_vehicles_harvester_L6_harvester_L6_nocenter_X.txt
389	0	scripts\mesh_sockets\prefabs_vehicles_harvester_L6_header_corn_nocenter_X.txt
390	0	scripts\mesh_sockets\prefabs_vehicles_harvester_L6_header_nocenter_X.txt
391	0	scripts\mesh_sockets\prefabs_vehicles_harvester_L6_rear_axis_nocenter_X.txt
392	0	scripts\mesh_sockets\prefabs_vehicles_harvester_L6_unloading_pipe_nocenter_X.txt
393	0	scripts\mesh_sockets\prefabs_vehicles_manure_spreader_ZH_manure_spreader_ZH_nocenter_X.txt
394	0	scripts\mesh_sockets\prefabs_vehicles_motorsense_motorsense_nocenter_X.txt
395	0	scripts\mesh_sockets\prefabs_vehicles_mower_B275_mower_B275_nocenter_X.txt
396	0	scripts\mesh_sockets\prefabs_vehicles_old_fertilizer_old_fertilizer_nocenter_X.txt
397	0	scripts\mesh_sockets\prefabs_vehicles_old_harrow_001_old_harrow_001_nocenter_X.txt
398	0	scripts\mesh_sockets\prefabs_vehicles_old_harrow_002_old_harrow_002_nocenter_X.txt
399	0	scripts\mesh_sockets\prefabs_vehicles_old_harvester_001_cornheader_nocenter_X.txt
400	0	scripts\mesh_sockets\prefabs_vehicles_old_harvester_001_header_lift_nocenter_x.txt
401	0	scripts\mesh_sockets\prefabs_vehicles_old_harvester_001_header_nocenter_X.txt
402	0	scripts\mesh_sockets\prefabs_vehicles_old_harvester_001_old_harvester_001_nocenter_x.txt
403	0	scripts\mesh_sockets\prefabs_vehicles_old_harvester_001_unloading_pipe_nocenter_x.txt
404	0	scripts\mesh_sockets\prefabs_vehicles_old_manure_spreader_old_manure_spreader_attachment_nocenter_X.txt
405	0	scripts\mesh_sockets\prefabs_vehicles_old_manure_spreader_old_manure_spreader_nocenter_X.txt
406	0	scripts\mesh_sockets\prefabs_vehicles_old_mower_old_mower_nocenter_X.txt
407	0	scripts\mesh_sockets\prefabs_vehicles_old_pickup_old_pickup_nocenter_X.txt
408	0	scripts\mesh_sockets\prefabs_vehicles_old_plough_001_old_plough_001_nocenter_X.txt
409	0	scripts\mesh_sockets\prefabs_vehicles_old_seeder_001_old_seeder_001_nocenter_x.txt
410	0	scripts\mesh_sockets\prefabs_vehicles_old_square_baler_circular_nocenter_X.txt
411	0	scripts\mesh_sockets\prefabs_vehicles_old_square_baler_header_nocenter_X.txt
412	0	scripts\mesh_sockets\prefabs_vehicles_old_square_baler_old_square_baler_nocenter_X.txt
413	0	scripts\mesh_sockets\prefabs_vehicles_old_tractor_3p_rear_bottom_nocenter_X.txt
414	0	scripts\mesh_sockets\prefabs_vehicles_old_tractor_3p_rear_middle_nocenter_X.txt
415	0	scripts\mesh_sockets\prefabs_vehicles_old_tractor_3p_rear_top_nocenter_X.txt
416	0	scripts\mesh_sockets\prefabs_vehicles_old_tractor_axle_nocenter_X.txt
417	0	scripts\mesh_sockets\prefabs_vehicles_old_tractor_old_tractor_nocenter_x.txt
418	0	scripts\mesh_sockets\prefabs_vehicles_old_trailer_old_trailer_attachment_nocenter_x.txt
419	0	scripts\mesh_sockets\prefabs_vehicles_old_trailer_old_trailer_nocenter_x.txt
420	0	scripts\mesh_sockets\prefabs_vehicles_old_trailer_old_trailer_trolley_nocenter_x.txt
421	0	scripts\mesh_sockets\prefabs_vehicles_old_trailer_piston2_nocenter_x.txt
422	0	scripts\mesh_sockets\prefabs_vehicles_old_trailer_piston3_nocenter_x.txt
423	0	scripts\mesh_sockets\prefabs_vehicles_old_trailer_piston4_nocenter_x.txt
424	0	scripts\mesh_sockets\prefabs_vehicles_old_waggon_old_waggon_attachment_nocenter_X.txt
425	0	scripts\mesh_sockets\prefabs_vehicles_old_waggon_old_waggon_nocenter_X.txt
426	0	scripts\mesh_sockets\prefabs_vehicles_plane_plane_nocenter_X.txt
427	0	scripts\mesh_sockets\prefabs_vehicles_plough_LJ_furrows_nocenter_X.txt
428	0	scripts\mesh_sockets\prefabs_vehicles_plough_LJ_plough_LJ_nocenter_X.txt
429	0	scripts\mesh_sockets\prefabs_vehicles_plough_LJ_support_wheel_nocenter_X.txt
430	0	scripts\mesh_sockets\prefabs_vehicles_potato_harvester_digger_nocenter_X.txt
431	0	scripts\mesh_sockets\prefabs_vehicles_potato_harvester_potato_harvester_nocenter_x.txt
432	0	scripts\mesh_sockets\prefabs_vehicles_potato_harvester_trolley_nocenter_X.txt
433	0	scripts\mesh_sockets\prefabs_vehicles_potato_planter_potato_planter_nocenter_x.txt
434	0	scripts\mesh_sockets\prefabs_vehicles_seeder_aD9_6000_A9D_6000_nocenter_X.txt
435	0	scripts\mesh_sockets\prefabs_vehicles_seeder_aD9_seeder_aD9_nocenter_x.txt
436	0	scripts\mesh_sockets\prefabs_vehicles_small_truck_crane1_nocenter_X.txt
437	0	scripts\mesh_sockets\prefabs_vehicles_small_truck_crane2_nocenter_X.txt
438	0	scripts\mesh_sockets\prefabs_vehicles_small_truck_crane3_nocenter_X.txt
439	0	scripts\mesh_sockets\prefabs_vehicles_small_truck_crane4_nocenter_X.txt
440	0	scripts\mesh_sockets\prefabs_vehicles_small_truck_crane5_nocenter_X.txt
441	0	scripts\mesh_sockets\prefabs_vehicles_small_truck_small_truck_nocenter_X.txt
442	0	scripts\mesh_sockets\prefabs_vehicles_square_baler_Q3_front_nocenter_X.txt
443	0	scripts\mesh_sockets\prefabs_vehicles_square_baler_Q3_reel6_nocenter_X.txt
444	0	scripts\mesh_sockets\prefabs_vehicles_square_baler_Q3_square_baler_Q3_nocenter_X.txt
445	0	scripts\mesh_sockets\prefabs_vehicles_tractor01_3p_rear_bottom_nocenter_X.txt
446	0	scripts\mesh_sockets\prefabs_vehicles_tractor01_3p_rear_middle_nocenter_X.txt
447	0	scripts\mesh_sockets\prefabs_vehicles_tractor01_3p_rear_top_nocenter_X.txt
448	0	scripts\mesh_sockets\prefabs_vehicles_tractor01_tractor01_nocenter_x.txt
449	0	scripts\mesh_sockets\prefabs_vehicles_tractor_CA_3p_rear_bottom_nocenter_X.txt
450	0	scripts\mesh_sockets\prefabs_vehicles_tractor_CA_3p_rear_middle_nocenter_X.txt
451	0	scripts\mesh_sockets\prefabs_vehicles_tractor_CA_3p_rear_top_nocenter_X.txt
452	0	scripts\mesh_sockets\prefabs_vehicles_tractor_CA_axle_nocenter_X.txt
453	0	scripts\mesh_sockets\prefabs_vehicles_tractor_CA_tractor_CA_nocenter_x.txt
454	0	scripts\mesh_sockets\prefabs_vehicles_tractor_CX_axle_nocenter_X.txt
455	0	scripts\mesh_sockets\prefabs_vehicles_tractor_CX_tractor_CX_nocenter_X.txt
456	0	scripts\mesh_sockets\prefabs_vehicles_tractor_FV_3p_rear_bottom_nocenter_X.txt
457	0	scripts\mesh_sockets\prefabs_vehicles_tractor_FV_3p_rear_middle_nocenter_X.txt
458	0	scripts\mesh_sockets\prefabs_vehicles_tractor_FV_3p_rear_top_nocenter_X.txt
459	0	scripts\mesh_sockets\prefabs_vehicles_tractor_FV_axle_nocenter_X.txt
460	0	scripts\mesh_sockets\prefabs_vehicles_tractor_FV_tractor_FV_nocenter_x.txt
461	0	scripts\mesh_sockets\prefabs_vehicles_tractor_L134_3p_front_bottom_nocenter_X.txt
462	0	scripts\mesh_sockets\prefabs_vehicles_tractor_L134_3p_front_middle_nocenter_X.txt
463	0	scripts\mesh_sockets\prefabs_vehicles_tractor_L134_3p_front_top_nocenter_X.txt
464	0	scripts\mesh_sockets\prefabs_vehicles_tractor_L134_3p_rear_bottom_nocenter_X.txt
465	0	scripts\mesh_sockets\prefabs_vehicles_tractor_L134_3p_rear_middle_nocenter_X.txt
466	0	scripts\mesh_sockets\prefabs_vehicles_tractor_L134_3p_rear_top_nocenter_X.txt
467	0	scripts\mesh_sockets\prefabs_vehicles_tractor_L134_axle_nocenter_X.txt
468	0	scripts\mesh_sockets\prefabs_vehicles_tractor_L134_signal_lamp_mirror_nocenter_X.txt
469	0	scripts\mesh_sockets\prefabs_vehicles_tractor_L134_tractor_L134_nocenter_x.txt
470	0	scripts\mesh_sockets\prefabs_vehicles_tractor_L90_3p_rear_bottom_nocenter_X.txt
471	0	scripts\mesh_sockets\prefabs_vehicles_tractor_L90_3p_rear_middle_nocenter_X.txt
472	0	scripts\mesh_sockets\prefabs_vehicles_tractor_L90_3p_rear_top_nocenter_X.txt
473	0	scripts\mesh_sockets\prefabs_vehicles_tractor_L90_axle_nocenter_X.txt
474	0	scripts\mesh_sockets\prefabs_vehicles_tractor_L90_tractor_L90_nocenter_x.txt
475	0	scripts\mesh_sockets\prefabs_vehicles_tractor_L94_3p_front_bottom_nocenter_X.txt
476	0	scripts\mesh_sockets\prefabs_vehicles_tractor_L94_3p_front_middle_nocenter_X.txt
477	0	scripts\mesh_sockets\prefabs_vehicles_tractor_L94_3p_front_top_nocenter_X.txt
478	0	scripts\mesh_sockets\prefabs_vehicles_tractor_L94_3p_rear_bottom_nocenter_X.txt
479	0	scripts\mesh_sockets\prefabs_vehicles_tractor_L94_3p_rear_middle_nocenter_X.txt
480	0	scripts\mesh_sockets\prefabs_vehicles_tractor_L94_3p_rear_top_nocenter_X.txt
481	0	scripts\mesh_sockets\prefabs_vehicles_tractor_L94_axle_nocenter_X.txt
482	0	scripts\mesh_sockets\prefabs_vehicles_tractor_L94_signal_lamp_mirror_nocenter_X.txt
483	0	scripts\mesh_sockets\prefabs_vehicles_tractor_L94_tractor_L94_nocenter_x.txt
484	0	scripts\mesh_sockets\prefabs_vehicles_trailer_BHT40_trailer_BHT40_nocenter_X.txt
485	0	scripts\mesh_sockets\prefabs_vehicles_trailer_F110_attachment_nocenter_x.txt
486	0	scripts\mesh_sockets\prefabs_vehicles_trailer_F110_piston2_nocenter_x.txt
487	0	scripts\mesh_sockets\prefabs_vehicles_trailer_F110_piston3_nocenter_x.txt
488	0	scripts\mesh_sockets\prefabs_vehicles_trailer_F110_piston4_nocenter_x.txt
489	0	scripts\mesh_sockets\prefabs_vehicles_trailer_F110_trailer_F110_nocenter_x.txt
490	0	scripts\mesh_sockets\prefabs_vehicles_trailer_F110_trolley_nocenter_x.txt
491	0	scripts\mesh_sockets\prefabs_vehicles_trailer_F180_piston2_nocenter_x.txt
492	0	scripts\mesh_sockets\prefabs_vehicles_trailer_F180_piston3_nocenter_x.txt
493	0	scripts\mesh_sockets\prefabs_vehicles_trailer_F180_piston4_nocenter_x.txt
494	0	scripts\mesh_sockets\prefabs_vehicles_trailer_F180_trailer_F180_attachment_nocenter_x.txt
495	0	scripts\mesh_sockets\prefabs_vehicles_trailer_F180_trailer_F180_nocenter_X.txt
496	0	scripts\mesh_sockets\prefabs_vehicles_trailer_F180_trailer_F180_trolley_nocenter_x.txt
497	0	scripts\mesh_sockets\prefabs_vehicles_trailer_FB371_gate_nocenter_X.txt
498	0	scripts\mesh_sockets\prefabs_vehicles_trailer_FB371_trailer_FB371_nocenter_X.txt
499	0	scripts\mesh_sockets\prefabs_vehicles_trailer_FB371_trolley_nocenter_X.txt
500	0	scripts\mesh_sockets\prefabs_vehicles_trailer_K500_hook_nocenter_X.txt
501	0	scripts\mesh_sockets\prefabs_vehicles_trailer_K500_piston2_nocenter_x.txt
502	0	scripts\mesh_sockets\prefabs_vehicles_trailer_K500_piston3_nocenter_x.txt
503	0	scripts\mesh_sockets\prefabs_vehicles_trailer_K500_piston4_nocenter_x.txt
504	0	scripts\mesh_sockets\prefabs_vehicles_trailer_K500_trailer_K500_gate_nocenter_X.txt
505	0	scripts\mesh_sockets\prefabs_vehicles_trailer_K500_trailer_K500_nocenter_X.txt
506	0	scripts\mesh_sockets\prefabs_vehicles_trailer_K500_trailer_K500_trolley_nocenter_X.txt
507	0	scripts\mesh_sockets\prefabs_vehicles_trailer_K900_hook_nocenter_X.txt
508	0	scripts\mesh_sockets\prefabs_vehicles_trailer_K900_piston2_nocenter_x.txt
509	0	scripts\mesh_sockets\prefabs_vehicles_trailer_K900_piston3_nocenter_x.txt
510	0	scripts\mesh_sockets\prefabs_vehicles_trailer_K900_piston4_nocenter_x.txt
511	0	scripts\mesh_sockets\prefabs_vehicles_trailer_K900_trailer_K900_gate_nocenter_X.txt
512	0	scripts\mesh_sockets\prefabs_vehicles_trailer_K900_trailer_K900_nocenter_X.txt
513	0	scripts\mesh_sockets\prefabs_vehicles_trailer_K900_trailer_K900_trolley_nocenter_X.txt
514	0	scripts\mesh_sockets\prefabs_vehicles_trailer_ZPW100_trailer_ZPW100_attachment_nocenter_X.txt
515	0	scripts\mesh_sockets\prefabs_vehicles_trailer_ZPW100_trailer_ZPW100_nocenter_X.txt
516	0	scripts\mesh_sockets\prefabs_vehicles_train_train001_nocenter_X.txt
517	0	scripts\mesh_sockets\prefabs_vehicles_train_train002_nocenter_X.txt
518	0	scripts\mesh_sockets\prefabs_vehicles_train_train003_nocenter_X.txt
519	0	scripts\multiple_objects.txt
520	0	scripts\node_substitutes.txt
521	0	scripts\plants.txt
522	0	scripts\pory.txt
523	0	scripts\pory_.txt
524	0	scripts\quests\Becky1_meet.txt
525	0	scripts\quests\Becky1_work.txt
526	0	scripts\quests\Calvin1_meet.txt
527	0	scripts\quests\Calvin1_work.txt
528	0	scripts\quests\church1.txt
529	0	scripts\quests\Clara1.txt
530	0	scripts\quests\Frank1_meet.txt
531	0	scripts\quests\Frank1_work.txt
532	0	scripts\quests\introduction.txt
533	0	scripts\quests\Janet1_meet.txt
534	0	scripts\quests\Janet1_work.txt
535	0	scripts\quests\John_salesman.txt
536	0	scripts\quests\Lydia1_meet.txt
537	0	scripts\quests\main_farm1.txt
538	0	scripts\quests\main_farm2.txt
539	0	scripts\quests\old_tractor.txt
540	0	scripts\quests\Oliver_fix_barn1.txt
541	0	scripts\quests\Sam1_meet.txt
542	0	scripts\quests\Sam1_work.txt
543	0	scripts\quests\Steve1_meet.txt
544	0	scripts\quests\Steve1_work.txt
545	0	scripts\quests\Sybil1_meet.txt
546	0	scripts\scaffold.txt
547	0	scripts\slupy\map1.txt
548	0	scripts\terrain_objects.txt
549	0	scripts\textures\AD9_6000.txt
550	0	scripts\textures\AD9_6000_crate.txt
551	0	scripts\textures\animal_cow.txt
552	0	scripts\textures\animal_cow2.txt
553	0	scripts\textures\animal_cow3.txt
554	0	scripts\textures\animal_hen2.txt
555	0	scripts\textures\animal_hen3.txt
556	0	scripts\textures\animal_hen_feathers.txt
557	0	scripts\textures\apple_fruit01.txt
558	0	scripts\textures\apple_fruit02.txt
559	0	scripts\textures\apple_leaves01.txt
560	0	scripts\textures\barley02.txt
561	0	scripts\textures\barley03.txt
562	0	scripts\textures\beercan.txt
563	0	scripts\textures\beet01.txt
564	0	scripts\textures\beet02.txt
565	0	scripts\textures\beets02.txt
566	0	scripts\textures\bh_crate.txt
567	0	scripts\textures\bh_signal_lamp.txt
568	0	scripts\textures\birch_bark3.txt
569	0	scripts\textures\birch_leaves01.txt
570	0	scripts\textures\branch01.txt
571	0	scripts\textures\busmap.txt
572	0	scripts\textures\B_Labels.txt
573	0	scripts\textures\chilli01.txt
574	0	scripts\textures\chilli02.txt
575	0	scripts\textures\chilli_leaf01.txt
576	0	scripts\textures\corn02.txt
577	0	scripts\textures\corn03.txt
578	0	scripts\textures\corn04.txt
579	0	scripts\textures\corn05.txt
580	0	scripts\textures\cucumber01.txt
581	0	scripts\textures\cucumber02.txt
582	0	scripts\textures\cucumber03.txt
583	0	scripts\textures\curtine.txt
584	0	scripts\textures\dahlia01.txt
585	0	scripts\textures\drone.txt
586	0	scripts\textures\drone_gate.txt
587	0	scripts\textures\EdytorMarkers.txt
588	0	scripts\textures\eyelash.txt
589	0	scripts\textures\eyewear1.txt
590	0	scripts\textures\eye_black.txt
591	0	scripts\textures\eye_blue.txt
592	0	scripts\textures\eye_brown.txt
593	0	scripts\textures\eye_green.txt
594	0	scripts\textures\feather.txt
595	0	scripts\textures\field_plowed.txt
596	0	scripts\textures\furniture2.txt
597	0	scripts\textures\grass01.txt
598	0	scripts\textures\grass03.txt
599	0	scripts\textures\grass04.txt
600	0	scripts\textures\grass05.txt
601	0	scripts\textures\grass_water01.txt
602	0	scripts\textures\haybox_grass.txt
603	0	scripts\textures\hedge.txt
604	0	scripts\textures\hedge_leaf01.txt
605	0	scripts\textures\hedge_leaf02.txt
606	0	scripts\textures\hero_skin_body.txt
607	0	scripts\textures\hero_skin_head.txt
608	0	scripts\textures\hero_Top.txt
609	0	scripts\textures\Hydrangea01.txt
610	0	scripts\textures\Hydrangea02.txt
611	0	scripts\textures\hygrometer2.txt
612	0	scripts\textures\kitchen01.txt
613	0	scripts\textures\leaftest.txt
614	0	scripts\textures\lupin02.txt
615	0	scripts\textures\lupin03.txt
616	0	scripts\textures\lupin04.txt
617	0	scripts\textures\man1_Body.txt
618	0	scripts\textures\man1_eyelashes.txt
619	0	scripts\textures\man1_hair.txt
620	0	scripts\textures\man1_skin_body.txt
621	0	scripts\textures\man1_skin_head.txt
622	0	scripts\textures\man1_Top.txt
623	0	scripts\textures\man2_body.txt
624	0	scripts\textures\man2_skin_body.txt
625	0	scripts\textures\man2_skin_head.txt
626	0	scripts\textures\man2_top.txt
627	0	scripts\textures\man3_body.txt
628	0	scripts\textures\man3_body_head.txt
629	0	scripts\textures\man3_bottom.txt
630	0	scripts\textures\man3_skin_body.txt
631	0	scripts\textures\man3_top.txt
632	0	scripts\textures\man4_jacket.txt
633	0	scripts\textures\man4_Shoes.txt
634	0	scripts\textures\man4_shorts.txt
635	0	scripts\textures\man5_skin_body.txt
636	0	scripts\textures\man5_skin_head.txt
637	0	scripts\textures\man6_pants.txt
638	0	scripts\textures\man6_shoes.txt
639	0	scripts\textures\man6_skin_body.txt
640	0	scripts\textures\man6_skin_head.txt
641	0	scripts\textures\man7_body.txt
642	0	scripts\textures\man7_shirt.txt
643	0	scripts\textures\man7_shoes.txt
644	0	scripts\textures\man7_skin_body.txt
645	0	scripts\textures\man7_skin_head.txt
646	0	scripts\textures\man7_top.txt
647	0	scripts\textures\manure_transparent.txt
648	0	scripts\textures\man_beard1.txt
649	0	scripts\textures\maple_bark01.txt
650	0	scripts\textures\maple_leaves01.txt
651	0	scripts\textures\melon01.txt
652	0	scripts\textures\melon02.txt
653	0	scripts\textures\motorsense_cutter.txt
654	0	scripts\textures\old_harvester_crate.txt
655	0	scripts\textures\paprika01.txt
656	0	scripts\textures\paprika02.txt
657	0	scripts\textures\paprika_leaf01.txt
658	0	scripts\textures\pea02.txt
659	0	scripts\textures\pea03.txt
660	0	scripts\textures\pea04.txt
661	0	scripts\textures\pine_bark01.txt
662	0	scripts\textures\pine_needle01.txt
663	0	scripts\textures\plowing01.txt
664	0	scripts\textures\potato02.txt
665	0	scripts\textures\potato03.txt
666	0	scripts\textures\potato04.txt
667	0	scripts\textures\potatoes.txt
668	0	scripts\textures\pumpkin01.txt
669	0	scripts\textures\pumpkin02.txt
670	0	scripts\textures\rape01.txt
671	0	scripts\textures\rape02.txt
672	0	scripts\textures\rape03.txt
673	0	scripts\textures\rape04.txt
674	0	scripts\textures\rape05.txt
675	0	scripts\textures\rose01.txt
676	0	scripts\textures\rotor2.txt
677	0	scripts\textures\seeder_aD9.txt
678	0	scripts\textures\seeder_aD9_crate.txt
679	0	scripts\textures\se_260_stickers.txt
680	0	scripts\textures\soy02.txt
681	0	scripts\textures\soy03.txt
682	0	scripts\textures\soy04.txt
683	0	scripts\textures\starling.txt
684	0	scripts\textures\starling_wings.txt
685	0	scripts\textures\stone01.txt
686	0	scripts\textures\stone02.txt
687	0	scripts\textures\stone03.txt
688	0	scripts\textures\stone04.txt
689	0	scripts\textures\strawberry_fruit.txt
690	0	scripts\textures\strawberry_leaves.txt
691	0	scripts\textures\system_black.txt
692	0	scripts\textures\system_mirrors.txt
693	0	scripts\textures\system_white.txt
694	0	scripts\textures\thuja.txt
695	0	scripts\textures\tomato01.txt
696	0	scripts\textures\tomato01g.txt
697	0	scripts\textures\tomato02.txt
698	0	scripts\textures\tractor_L134_windows.txt
699	0	scripts\textures\tractor_L94_panel.txt
700	0	scripts\textures\trailer_FB271.txt
701	0	scripts\textures\trailer_FB371_transp.txt
702	0	scripts\textures\trailer_labels.txt
703	0	scripts\textures\transparent_logos.txt
704	0	scripts\textures\tree_cap01.txt
705	0	scripts\textures\tulip01.txt
706	0	scripts\textures\T_airbrick001.txt
707	0	scripts\textures\T_brickold001.txt
708	0	scripts\textures\T_bricks001.txt
709	0	scripts\textures\T_chainlink_fence.txt
710	0	scripts\textures\T_concrete001.txt
711	0	scripts\textures\T_concrete002.txt
712	0	scripts\textures\T_concrete005.txt
713	0	scripts\textures\T_decal001.txt
714	0	scripts\textures\T_decal002.txt
715	0	scripts\textures\T_elements001.txt
716	0	scripts\textures\T_elements002.txt
717	0	scripts\textures\T_elements003.txt
718	0	scripts\textures\T_elements004.txt
719	0	scripts\textures\T_fabric001.txt
720	0	scripts\textures\T_finish_coat_plaster2.txt
721	0	scripts\textures\T_galvanized001.txt
722	0	scripts\textures\T_glass.txt
723	0	scripts\textures\T_glass2.txt
724	0	scripts\textures\T_glass3.txt
725	0	scripts\textures\T_gravel001.txt
726	0	scripts\textures\T_hay001.txt
727	0	scripts\textures\T_hay002.txt
728	0	scripts\textures\T_haygrass001.txt
729	0	scripts\textures\T_metal001.txt
730	0	scripts\textures\T_metal003.txt
731	0	scripts\textures\T_metal004.txt
732	0	scripts\textures\T_metal005.txt
733	0	scripts\textures\T_metal006.txt
734	0	scripts\textures\T_metal007.txt
735	0	scripts\textures\T_metal_fences.txt
736	0	scripts\textures\T_old_galvanized001.txt
737	0	scripts\textures\T_plaster001.txt
738	0	scripts\textures\T_plaster002.txt
739	0	scripts\textures\t_road001.txt
740	0	scripts\textures\T_roof003_green.txt
741	0	scripts\textures\T_roof005.txt
742	0	scripts\textures\T_streetfloor001.txt
743	0	scripts\textures\T_windows001.txt
744	0	scripts\textures\T_wood001.txt
745	0	scripts\textures\T_wood002.txt
746	0	scripts\textures\T_wood003.txt
747	0	scripts\textures\T_wood004.txt
748	0	scripts\textures\wedding_veil.txt
749	0	scripts\textures\wedding_veil2.txt
750	0	scripts\textures\wheat01.txt
751	0	scripts\textures\wheat02.txt
752	0	scripts\textures\wheat03.txt
753	0	scripts\textures\wheat04.txt
754	0	scripts\textures\wheat05.txt
755	0	scripts\textures\wheat_A_seeds.txt
756	0	scripts\textures\wheat_B_seeds.txt
757	0	scripts\textures\woman1_body.txt
758	0	scripts\textures\woman1_bottom.txt
759	0	scripts\textures\woman1_eyelashes.txt
760	0	scripts\textures\woman1_jeans.txt
761	0	scripts\textures\woman1_skin_body.txt
762	0	scripts\textures\woman1_skin_head.txt
763	0	scripts\textures\woman1_skin_head02.txt
764	0	scripts\textures\woman1_top.txt
765	0	scripts\textures\woman2_body.txt
766	0	scripts\textures\woman2_skin_body.txt
767	0	scripts\textures\woman2_skin_head.txt
768	0	scripts\textures\woman2_skin_head02.txt
769	0	scripts\textures\woman2_top.txt
770	0	scripts\textures\woman3_body.txt
771	0	scripts\textures\woman3_bottom.txt
772	0	scripts\textures\woman3_shoes.txt
773	0	scripts\textures\woman3_skin_body.txt
774	0	scripts\textures\woman3_skin_head.txt
775	0	scripts\textures\woman3_skin_head02.txt
776	0	scripts\textures\woman3_top.txt
777	0	scripts\textures\woman4_Body.txt
778	0	scripts\textures\woman4_Shoes.txt
779	0	scripts\textures\woman4_skin_body.txt
780	0	scripts\textures\woman4_skin_head.txt
781	0	scripts\textures\woman4_skin_head02.txt
782	0	scripts\textures\woman4_Top.txt
783	0	scripts\textures\woman5_body.txt
784	0	scripts\textures\woman5_bottom.txt
785	0	scripts\textures\woman5_shoes.txt
786	0	scripts\textures\woman5_skin_body.txt
787	0	scripts\textures\woman5_skin_head.txt
788	0	scripts\textures\woman5_skin_head02.txt
789	0	scripts\textures\woman5_top.txt
790	0	scripts\textures\woman6_Bottom.txt
791	0	scripts\textures\woman6_skin_body.txt
792	0	scripts\textures\woman6_skin_head.txt
793	0	scripts\textures\woman6_skin_head02.txt
794	0	scripts\textures\woman_hair1.txt
795	0	scripts\textures\woman_hair1_A.txt
796	0	scripts\textures\woman_hair1_B.txt
797	0	scripts\textures\woman_hair1_C.txt
798	0	scripts\textures\woman_hair1_D.txt
799	0	scripts\textures\woman_hair1_E.txt
800	0	scripts\textures\woman_hair1_F.txt
801	0	scripts\textures\woman_hair2.txt
802	0	scripts\textures\woman_hair3.txt
803	0	scripts\textures\zinnia01.txt
804	0	scripts\textures\zucchini_flower.txt
805	0	scripts\textures\zucchini_fruit.txt
806	0	scripts\texture_substitutes.txt
807	0	scripts\ToneMap.txt
808	0	scripts\ToneMap_.txt
809	0	scripts\vehicles\beets_harvester.txt
810	0	scripts\vehicles\beets_seeder.txt
811	0	scripts\vehicles\car_001.txt
812	0	scripts\vehicles\car_002.txt
813	0	scripts\vehicles\car_003.txt
814	0	scripts\vehicles\cultivator_AC3002.txt
815	0	scripts\vehicles\cultivator_AKG4000.txt
816	0	scripts\vehicles\cultivator_BGF.txt
817	0	scripts\vehicles\fertilizer_A1501.txt
818	0	scripts\vehicles\fertilizer_RTWS.txt
819	0	scripts\vehicles\harvester_L6.txt
820	0	scripts\vehicles\harvester_L6_cornheader.txt
821	0	scripts\vehicles\harvester_L6_header.txt
822	0	scripts\vehicles\lawn_mower.txt
823	0	scripts\vehicles\manure_spreader_ZH.txt
824	0	scripts\vehicles\mower_B275.txt
825	0	scripts\vehicles\old_corn_header.txt
826	0	scripts\vehicles\old_fertilizer.txt
827	0	scripts\vehicles\old_harrow_001.txt
828	0	scripts\vehicles\old_harrow_002.txt
829	0	scripts\vehicles\old_harvester_001.txt
830	0	scripts\vehicles\old_header.txt
831	0	scripts\vehicles\old_manure_spreader.txt
832	0	scripts\vehicles\old_mower.txt
833	0	scripts\vehicles\old_pickup.txt
834	0	scripts\vehicles\old_plough_001.txt
835	0	scripts\vehicles\old_seeder_001.txt
836	0	scripts\vehicles\old_square_baler.txt
837	0	scripts\vehicles\old_tractor.txt
838	0	scripts\vehicles\old_trailer_001.txt
839	0	scripts\vehicles\old_waggon.txt
840	0	scripts\vehicles\plough_LJ.txt
841	0	scripts\vehicles\potato_harvester.txt
842	0	scripts\vehicles\potato_planter.txt
843	0	scripts\vehicles\seeder_aD9.txt
844	0	scripts\vehicles\seeder_aD9_6000.txt
845	0	scripts\vehicles\small_truck.txt
846	0	scripts\vehicles\square_baler_Q3.txt
847	0	scripts\vehicles\tractor01.txt
848	0	scripts\vehicles\tractor_CA.txt
849	0	scripts\vehicles\tractor_CX.txt
850	0	scripts\vehicles\tractor_FV.txt
851	0	scripts\vehicles\tractor_L134.txt
852	0	scripts\vehicles\tractor_L90.txt
853	0	scripts\vehicles\tractor_L94.txt
854	0	scripts\vehicles\trailer_BHT40.txt
855	0	scripts\vehicles\trailer_F110.txt
856	0	scripts\vehicles\trailer_F180.txt
857	0	scripts\vehicles\trailer_FB371.txt
858	0	scripts\vehicles\trailer_K500.txt
859	0	scripts\vehicles\trailer_K900.txt
860	0	scripts\vehicles\trailer_ZPW100.txt
861	0	scripts\windmill.txt
862	1	scripts\test_123.txt