0	1	shaders\DepthShadowMapOMPS.cps
1	1	shaders\DepthShadowMapPS.cps
2	1	shaders\DepthShadowMapTreePS.cps
3	1	shaders\linePS.cps
4	1	shaders\meshBuildingPS.cps
5	1	shaders\meshMeshPS_I.cps
6	1	shaders\meshMeshPS_I_Depth.cps
7	1	shaders\meshMeshPS_I_Translucent.cps
8	1	shaders\meshOMMeshPS.cps
9	1	shaders\meshPGrassPS.cps
10	1	shaders\meshPGrassSimplePS.cps
11	1	shaders\meshPS.cps
12	1	shaders\meshPSEnvProbe.cps
13	1	shaders\meshPSFBIAM.cps
14	1	shaders\meshPSKolor.cps
15	1	shaders\meshPSMachine.cps
16	1	shaders\meshPSMenu.cps
17	1	shaders\meshPSMenu1.cps
18	1	shaders\meshPSNad.cps
19	1	shaders\meshPSNadTranslucent.cps
20	1	shaders\meshPSNadTransparent.cps
21	1	shaders\meshPSPAutoMap.cps
22	1	shaders\meshPSPGround.cps
23	1	shaders\meshPSPod.cps
24	1	shaders\meshPSPodTranslucent.cps
25	1	shaders\meshPSPodTransparent.cps
26	1	shaders\meshPSScaffold.cps
27	1	shaders\meshPSSimple.cps
28	1	shaders\meshPSSimpleMirror.cps
29	1	shaders\meshPSSimplest.cps
30	1	shaders\meshPSSimplestColor.cps
31	1	shaders\meshPSSimplestColorFence.cps
32	1	shaders\meshPSSimplestDepth.cps
33	1	shaders\meshRashPS.cps
34	1	shaders\meshTranslucentPS.cps
35	1	shaders\meshTransparentPS.cps
36	1	shaders\meshTreePS.cps
37	1	shaders\PlantGroundOpaquePS.cps
38	1	shaders\PlantGroundOpaqueSimplePS.cps
39	1	shaders\PlantOMPS.cps
40	1	shaders\PostProcessAAPS.cps
41	1	shaders\PostProcessBloom.cps
42	1	shaders\PostProcessBloomBright.cps
43	1	shaders\PostProcessCopy.cps
44	1	shaders\PostProcessDeferredNNPS.cps
45	1	shaders\PostProcessDeferredPS.cps
46	1	shaders\PostProcessDeferredPSFastRender.cps
47	1	shaders\PostProcessDeferredTOPS.cps
48	1	shaders\PostProcessDownScale2x2_Lum.cps
49	1	shaders\PostProcessDownScale3x3.cps
50	1	shaders\PostProcessDownScale3x3_BrightPass.cps
51	1	shaders\PostProcessFinalCombine.cps
52	1	shaders\PostProcessHDRPS.cps
53	1	shaders\PostProcessSunFlarePS.cps
54	1	shaders\PostProcessSunRaysPS.cps
55	1	shaders\PostProcessWaterPS.cps
56	1	shaders\PostProcessWaterPSFastRender.cps
57	1	shaders\PostProcessWaterSimplePS.cps
58	1	shaders\RectCinematicPS.cps
59	1	shaders\RectPS.cps
60	1	shaders\RectPSCopy.cps
61	1	shaders\skinmeshPS.cps
62	1	shaders\skinmeshPSKolorIAlfa.cps
63	1	shaders\skinmeshPSMirror.cps
64	1	shaders\skinmeshPSShadow.cps
65	1	shaders\skinmeshPST.cps
66	1	shaders\SkyBrightPS.cps
67	1	shaders\SkyPS.cps
68	1	shaders\SkyPSFastRender.cps
69	1	shaders\SpriteCablePS.cps
70	1	shaders\SpriteLensFlarePS.cps
71	1	shaders\SpritePS.cps
72	1	shaders\SpritePSAdditive.cps
73	1	shaders\SpritePSMRT.cps
74	1	shaders\SpritePSNoLight.cps
75	1	shaders\SpritePSTreshold.cps
76	1	shaders\SpritePSWaterNormals.cps
77	1	shaders\SpritePS_FX_MRT.cps
78	1	shaders\SpriteSparkPS.cps
79	1	shaders\terrainEnvProbePS.cps
80	1	shaders\terrainGTPS.cps
81	1	shaders\terrainGTPST.cps
82	1	shaders\terrainPS.cps
83	1	shaders\terrainPST.cps
84	1	shaders\terrainPSTE.cps
85	1	shaders\terrainSimpleBigMapPS.cps
86	1	shaders\terrainSimplePadPS.cps
87	1	shaders\terrainSimplePS.cps
88	1	shaders\DepthShadowMapOMVS.cvs
89	1	shaders\DepthShadowMapTerrainVS.cvs
90	1	shaders\DepthShadowMapTreeVS.cvs
91	1	shaders\DepthShadowMapVS.cvs
92	1	shaders\lineVS.cvs
93	1	shaders\lineVSFlat.cvs
94	1	shaders\meshBuildingVS.cvs
95	1	shaders\meshMeshVS_I.cvs
96	1	shaders\meshOMMeshVS.cvs
97	1	shaders\meshPGrassVS.cvs
98	1	shaders\meshRashVS.cvs
99	1	shaders\meshTreeVS.cvs
100	1	shaders\meshTreeVS_I.cvs
101	1	shaders\meshVS.cvs
102	1	shaders\meshVSBaleWrap.cvs
103	1	shaders\meshVSCube.cvs
104	1	shaders\meshVSFBIAM.cvs
105	1	shaders\meshVSKolor.cvs
106	1	shaders\meshVSNad.cvs
107	1	shaders\meshVSPAutoMap.cvs
108	1	shaders\meshVSPGround.cvs
109	1	shaders\meshVSPod.cvs
110	1	shaders\meshVSScaffold.cvs
111	1	shaders\meshVSSimplest.cvs
112	1	shaders\meshVSSimplestColor.cvs
113	1	shaders\meshVSSimplestColorFence.cvs
114	1	shaders\meshVSSimplestDepth.cvs
115	1	shaders\meshVST.cvs
116	1	shaders\meshVSTRash.cvs
117	1	shaders\meshVS_I.cvs
118	1	shaders\meshVS_I_RTC.cvs
119	1	shaders\meshVS_RTC.cvs
120	1	shaders\PlantGroundOpaqueVS.cvs
121	1	shaders\PlantOMVS.cvs
122	1	shaders\PostProcessAAVS.cvs
123	1	shaders\PostProcessLightVS.cvs
124	1	shaders\PostProcessMeshVS.cvs
125	1	shaders\PostProcessQuadVS.cvs
126	1	shaders\PostProcessWaterMeshVS.cvs
127	1	shaders\RectVS.cvs
128	1	shaders\RectVS3D.cvs
129	1	shaders\skinmeshVS.cvs
130	1	shaders\skinmeshVSShadow.cvs
131	1	shaders\SkyVS.cvs
132	1	shaders\SkyVS_Cube.cvs
133	1	shaders\SpriteCableVS.cvs
134	1	shaders\SpriteVS.cvs
135	1	shaders\SpriteVS_FX.cvs
136	1	shaders\terrainCubeVS.cvs
137	1	shaders\terrainSimpleVS.cvs
138	1	shaders\terrainVS.cvs
139	1	shaders\terrainVST.cvs
140	1	shaders\terrainVSTE.cvs
141	1	shaders\meshHST.chs
142	1	shaders\terrainHST.chs
143	1	shaders\terrainHSTE.chs
144	1	shaders\terrainHSTND.chs
145	1	shaders\meshGSCube.cgs
146	1	shaders\meshGS_RTC.cgs
147	1	shaders\SkyGS_Cube.cgs
148	1	shaders\terrainCubeGS.cgs
149	1	shaders\meshDST.cds
150	1	shaders\meshDSTRash.cds
151	1	shaders\terrainDST.cds
152	1	shaders\terrainDSTE.cds