0	1	textures\crops\barley02.dds
1	1	textures\crops\barley02_normal.dds
2	1	textures\crops\barley03.dds
3	1	textures\crops\barley03_normal.dds
4	1	textures\crops\beet01.dds
5	1	textures\crops\beet01_normal.dds
6	1	textures\crops\beet02.dds
7	1	textures\crops\canola_A_seeds.dds
8	1	textures\crops\canola_A_seeds_normal.dds
9	1	textures\crops\corn02.DDS
10	1	textures\crops\corn02_normal.DDS
11	1	textures\crops\corn03.DDS
12	1	textures\crops\corn03_normal.DDS
13	1	textures\crops\corn04.DDS
14	1	textures\crops\corn04_normal.DDS
15	1	textures\crops\corn05.DDS
16	1	textures\crops\corn05_normal.DDS
17	1	textures\crops\corn_A_seeds.dds
18	1	textures\crops\corn_A_seeds_normal.dds
19	1	textures\crops\grass03.DDS
20	1	textures\crops\grass03_normal.DDS
21	1	textures\crops\grass04.DDS
22	1	textures\crops\grass04_normal.DDS
23	1	textures\crops\grass05.DDS
24	1	textures\crops\grass05_normal.DDS
25	1	textures\crops\lupin02.dds
26	1	textures\crops\lupin02_normal.dds
27	1	textures\crops\lupin03.dds
28	1	textures\crops\lupin03_normal.dds
29	1	textures\crops\lupin04.dds
30	1	textures\crops\lupin04_normal.dds
31	1	textures\crops\pea02.dds
32	1	textures\crops\pea02_normal.dds
33	1	textures\crops\pea03.dds
34	1	textures\crops\pea03_normal.dds
35	1	textures\crops\pea04.dds
36	1	textures\crops\pea04_normal.dds
37	1	textures\crops\potato02.dds
38	1	textures\crops\potato02_normal.dds
39	1	textures\crops\potato03.dds
40	1	textures\crops\potato03_normal.dds
41	1	textures\crops\potato04.dds
42	1	textures\crops\potato04_normal.dds
43	1	textures\crops\rape01.dds
44	1	textures\crops\rape01_normal.dds
45	1	textures\crops\rape02.dds
46	1	textures\crops\rape02_normal.dds
47	1	textures\crops\rape03.DDS
48	1	textures\crops\rape03_normal.DDS
49	1	textures\crops\rape04.dds
50	1	textures\crops\rape04_normal.dds
51	1	textures\crops\rape05.dds
52	1	textures\crops\rape05_normal.dds
53	1	textures\crops\soy02.dds
54	1	textures\crops\soy02_normal.dds
55	1	textures\crops\soy03.dds
56	1	textures\crops\soy03_normal.dds
57	1	textures\crops\soy04.dds
58	1	textures\crops\soy04_normal.dds
59	1	textures\crops\wheat01.dds
60	1	textures\crops\wheat01_normal.dds
61	1	textures\crops\wheat02.dds
62	1	textures\crops\wheat02_normal.dds
63	1	textures\crops\wheat03.dds
64	1	textures\crops\wheat03_normal.dds
65	1	textures\crops\wheat04.dds
66	1	textures\crops\wheat04_normal.dds
67	1	textures\crops\wheat05.dds
68	1	textures\crops\wheat05_normal.dds
69	1	textures\crops\wheat_A_seeds.dds
70	1	textures\crops\wheat_A_seeds_normal.dds
71	1	textures\crops\wheat_B_seeds.dds
72	1	textures\crops\wheat_B_seeds_normal.dds
73	1	textures\detail\det_asphalt.dds
74	1	textures\detail\det_brick001_normal.dds
75	1	textures\detail\det_brick002_normal.dds
76	1	textures\detail\det_concrete001_normal.dds
77	1	textures\detail\det_concrete002_normal.dds
78	1	textures\detail\det_fabric001.dds
79	1	textures\detail\det_fabric002.dds
80	1	textures\detail\det_fabric003.dds
81	1	textures\detail\det_hair02_normal.dds
82	1	textures\detail\det_hair_normal.dds
83	1	textures\detail\det_metal001_normal.dds
84	1	textures\detail\det_metal_tile_001_normal.dds
85	1	textures\detail\det_skin01.dds
86	1	textures\detail\det_skin02.dds
87	1	textures\detail\det_stone01.dds
88	1	textures\detail\det_structural_plaster001_normal.dds
89	1	textures\detail\det_wood001_normal.dds
90	1	textures\Garden_plants\dahlia01.dds
91	1	textures\Garden_plants\dahlia01_normal.dds
92	1	textures\Garden_plants\rose01.dds
93	1	textures\Garden_plants\rose01_normal.dds
94	1	textures\Garden_plants\tulip01.dds
95	1	textures\Garden_plants\tulip01_normal.dds
96	1	textures\Garden_plants\zinnia01.dds
97	1	textures\Garden_plants\zinnia01_normal.dds
98	1	textures\grass\grass01.DDS
99	1	textures\grass\grass01_autumn.DDS
100	1	textures\grass\grass01_normal.DDS
101	1	textures\grass\grass01_spring.DDS
102	1	textures\grass\grass_water01.dds
103	1	textures\grass\grass_water01_normal.dds
104	1	textures\grass\mushrooms.dds
105	1	textures\grass\mushrooms_normal.dds
106	1	textures\grass\potato.dds
107	1	textures\grass\potato_autumn.dds
108	1	textures\grass\potato_autumn_normal.dds
109	1	textures\grass\potato_normal.dds
110	1	textures\grass\potato_spring.dds
111	1	textures\grass\potato_spring_normal.dds
112	1	textures\grass\strawberry_fruit.dds
113	1	textures\grass\strawberry_fruit_normal.dds
114	1	textures\grass\strawberry_leaves.dds
115	1	textures\grass\strawberry_leaves_normal.dds
116	1	textures\Greenhouse_plants\apple_fruit01.dds
117	1	textures\Greenhouse_plants\apple_fruit02.dds
118	1	textures\Greenhouse_plants\chilli01.dds
119	1	textures\Greenhouse_plants\chilli01_normal.dds
120	1	textures\Greenhouse_plants\chilli02.dds
121	1	textures\Greenhouse_plants\chilli_leaf01.dds
122	1	textures\Greenhouse_plants\chilli_leaf01_normal.dds
123	1	textures\Greenhouse_plants\cucumber01.dds
124	1	textures\Greenhouse_plants\cucumber01_normal.dds
125	1	textures\Greenhouse_plants\cucumber02.dds
126	1	textures\Greenhouse_plants\cucumber02_normal.dds
127	1	textures\Greenhouse_plants\cucumber03.dds
128	1	textures\Greenhouse_plants\cucumber03_normal.dds
129	1	textures\Greenhouse_plants\melon01.dds
130	1	textures\Greenhouse_plants\melon01_normal.dds
131	1	textures\Greenhouse_plants\melon02.dds
132	1	textures\Greenhouse_plants\melon02_normal.dds
133	1	textures\Greenhouse_plants\paprika01.dds
134	1	textures\Greenhouse_plants\paprika01_normal.dds
135	1	textures\Greenhouse_plants\paprika02.dds
136	1	textures\Greenhouse_plants\paprika02_normal.dds
137	1	textures\Greenhouse_plants\paprika_leaf01.dds
138	1	textures\Greenhouse_plants\paprika_leaf01_normal.dds
139	1	textures\Greenhouse_plants\pumpkin01.dds
140	1	textures\Greenhouse_plants\pumpkin01_normal.dds
141	1	textures\Greenhouse_plants\pumpkin02.dds
142	1	textures\Greenhouse_plants\pumpkin02_normal.dds
143	1	textures\Greenhouse_plants\tomato01.DDS
144	1	textures\Greenhouse_plants\tomato01g.DDS
145	1	textures\Greenhouse_plants\tomato01_normal.DDS
146	1	textures\Greenhouse_plants\tomato02.dds
147	1	textures\Greenhouse_plants\tomato02_normal.dds
148	1	textures\Greenhouse_plants\zucchini_flower.dds
149	1	textures\Greenhouse_plants\zucchini_flower_normal.dds
150	1	textures\Greenhouse_plants\zucchini_fruit.dds
151	1	textures\Greenhouse_plants\zucchini_fruit_normal.dds
152	1	textures\LevelTextures\bees01.dds
153	1	textures\LevelTextures\bees01_normal.dds
154	1	textures\LevelTextures\busmap.dds
155	1	textures\LevelTextures\ceramic_tile.dds
156	1	textures\LevelTextures\ceramic_tile_normal.dds
157	1	textures\LevelTextures\conveyor.dds
158	1	textures\LevelTextures\conveyor_normal.dds
159	1	textures\LevelTextures\curtine.dds
160	1	textures\LevelTextures\curtine_normal.dds
161	1	textures\LevelTextures\fest_transparent.dds
162	1	textures\LevelTextures\fest_transparent_normal.dds
163	1	textures\LevelTextures\fishing_rod.dds
164	1	textures\LevelTextures\fishing_rod_metal.dds
165	1	textures\LevelTextures\fishing_rod_normal.dds
166	1	textures\LevelTextures\furniture.dds
167	1	textures\LevelTextures\furniture2.dds
168	1	textures\LevelTextures\furniture2_normal.dds
169	1	textures\LevelTextures\furniture_normal.dds
170	1	textures\LevelTextures\grain_blower.dds
171	1	textures\LevelTextures\grain_blower_metal.dds
172	1	textures\LevelTextures\grain_blower_normal.dds
173	1	textures\LevelTextures\hammer01.DDS
174	1	textures\LevelTextures\hammer01_metal.DDS
175	1	textures\LevelTextures\hammer01_normal.DDS
176	1	textures\LevelTextures\haybox.dds
177	1	textures\LevelTextures\haybox_grass.dds
178	1	textures\LevelTextures\haybox_normal.dds
179	1	textures\LevelTextures\headlamp.dds
180	1	textures\LevelTextures\headlamp_normal.dds
181	1	textures\LevelTextures\hygrometer.dds
182	1	textures\LevelTextures\hygrometer2.dds
183	1	textures\LevelTextures\hygrometer2_normal.dds
184	1	textures\LevelTextures\hygrometer_normal.dds
185	1	textures\LevelTextures\kitchen01.dds
186	1	textures\LevelTextures\kitchen01_normal.dds
187	1	textures\LevelTextures\logs01.dds
188	1	textures\LevelTextures\logs01_normal.dds
189	1	textures\LevelTextures\scaffold.dds
190	1	textures\LevelTextures\scaffold_normal.dds
191	1	textures\LevelTextures\solar_panel.dds
192	1	textures\LevelTextures\solar_panel_normal.dds
193	1	textures\LevelTextures\stone01.DDS
194	1	textures\LevelTextures\stone01_normal.DDS
195	1	textures\LevelTextures\stone02.DDS
196	1	textures\LevelTextures\stone02_normal.dds
197	1	textures\LevelTextures\stone03.DDS
198	1	textures\LevelTextures\stone03_normal.DDS
199	1	textures\LevelTextures\stone04.dds
200	1	textures\LevelTextures\stone04_normal.dds
201	1	textures\LevelTextures\tools\beercan.dds
202	1	textures\LevelTextures\tools\beercan_normal.dds
203	1	textures\LevelTextures\tools\grinder.dds
204	1	textures\LevelTextures\tools\grinder_metal.dds
205	1	textures\LevelTextures\tools\grinder_normal.dds
206	1	textures\LevelTextures\tools\nailer.dds
207	1	textures\LevelTextures\tools\nailer_metal.dds
208	1	textures\LevelTextures\tools\nailer_normal.dds
209	1	textures\LevelTextures\tools\rivetgun.dds
210	1	textures\LevelTextures\tools\rivetgun_metal.dds
211	1	textures\LevelTextures\tools\rivetgun_normal.dds
212	1	textures\LevelTextures\tools\scaffold.dds
213	1	textures\LevelTextures\tools\scaffold_normal.dds
214	1	textures\LevelTextures\tool_belt.dds
215	1	textures\LevelTextures\tool_belt_normal.dds
216	1	textures\LevelTextures\T_airbrick001.dds
217	1	textures\LevelTextures\T_airbrick001_normal.dds
218	1	textures\LevelTextures\T_airbrick002.dds
219	1	textures\LevelTextures\T_airbrick002_normal.dds
220	1	textures\LevelTextures\T_barrel1.dds
221	1	textures\LevelTextures\T_barrel1_metal.dds
222	1	textures\LevelTextures\T_barrel1_normal.dds
223	1	textures\LevelTextures\T_barrel2.dds
224	1	textures\LevelTextures\T_barrel2_metal.dds
225	1	textures\LevelTextures\T_barrel2_normal.dds
226	1	textures\LevelTextures\T_bitumen001.dds
227	1	textures\LevelTextures\T_bitumen001_normal.dds
228	1	textures\LevelTextures\T_brickold001.DDS
229	1	textures\LevelTextures\T_brickold001_normal.DDS
230	1	textures\LevelTextures\T_bricks001.dds
231	1	textures\LevelTextures\T_bricks001_normal.dds
232	1	textures\LevelTextures\T_chainlink_fence.dds
233	1	textures\LevelTextures\T_chainlink_fence_normal.dds
234	1	textures\LevelTextures\T_concrete001.dds
235	1	textures\LevelTextures\T_concrete001_normal.dds
236	1	textures\LevelTextures\T_concrete002.dds
237	1	textures\LevelTextures\T_concrete002_normal.dds
238	1	textures\LevelTextures\T_concrete003.dds
239	1	textures\LevelTextures\T_concrete003_normal.dds
240	1	textures\LevelTextures\T_concrete004.dds
241	1	textures\LevelTextures\T_concrete004_normal.dds
242	1	textures\LevelTextures\T_concrete005.dds
243	1	textures\LevelTextures\T_decal001.dds
244	1	textures\LevelTextures\T_decal001_normal.dds
245	1	textures\LevelTextures\T_decal002.dds
246	1	textures\LevelTextures\T_decal002_normal.dds
247	1	textures\LevelTextures\T_elements001.dds
248	1	textures\LevelTextures\T_elements001_normal.dds
249	1	textures\LevelTextures\T_elements002.dds
250	1	textures\LevelTextures\T_elements002_color.dds
251	1	textures\LevelTextures\T_elements002_metal.dds
252	1	textures\LevelTextures\T_elements002_normal.dds
253	1	textures\LevelTextures\T_elements003.dds
254	1	textures\LevelTextures\T_elements003_normal.dds
255	1	textures\LevelTextures\T_elements004.dds
256	1	textures\LevelTextures\T_elements004_normal.dds
257	1	textures\LevelTextures\T_fabric001.dds
258	1	textures\LevelTextures\T_fabric001_normal.dds
259	1	textures\LevelTextures\T_finish_coat_plaster.dds
260	1	textures\LevelTextures\T_finish_coat_plaster2.dds
261	1	textures\LevelTextures\T_finish_coat_plaster2_normal.dds
262	1	textures\LevelTextures\T_finish_coat_plaster3.dds
263	1	textures\LevelTextures\T_finish_coat_plaster3_normal.dds
264	1	textures\LevelTextures\T_finish_coat_plaster_normal.dds
265	1	textures\LevelTextures\T_floor001.dds
266	1	textures\LevelTextures\T_floor001_normal.dds
267	1	textures\LevelTextures\T_floor002.dds
268	1	textures\LevelTextures\T_floor002_normal.dds
269	1	textures\LevelTextures\T_floor003.dds
270	1	textures\LevelTextures\T_floor003_normal.dds
271	1	textures\LevelTextures\T_furnitures001.dds
272	1	textures\LevelTextures\T_furnitures001_normal.dds
273	1	textures\LevelTextures\T_galvanized001.dds
274	1	textures\LevelTextures\T_galvanized001_normal.dds
275	1	textures\LevelTextures\T_glass.dds
276	1	textures\LevelTextures\T_glass2.dds
277	1	textures\LevelTextures\T_glass2_normal.dds
278	1	textures\LevelTextures\T_glass3.dds
279	1	textures\LevelTextures\T_glass3_normal.dds
280	1	textures\LevelTextures\T_glass_normal.dds
281	1	textures\LevelTextures\T_gravel001.dds
282	1	textures\LevelTextures\T_gravel001_normal.dds
283	1	textures\LevelTextures\T_hay001.dds
284	1	textures\LevelTextures\T_hay001_normal.dds
285	1	textures\LevelTextures\T_hay002.dds
286	1	textures\LevelTextures\T_haygrass001.dds
287	1	textures\LevelTextures\T_lattice001.dds
288	1	textures\LevelTextures\T_lattice001_normal.dds
289	1	textures\LevelTextures\T_manure001.dds
290	1	textures\LevelTextures\T_manure001_normal.dds
291	1	textures\LevelTextures\T_metal001.dds
292	1	textures\LevelTextures\T_metal001_normal.dds
293	1	textures\LevelTextures\T_metal002.dds
294	1	textures\LevelTextures\T_metal002_normal.dds
295	1	textures\LevelTextures\T_metal003.dds
296	1	textures\LevelTextures\T_metal004.dds
297	1	textures\LevelTextures\T_metal004_normal.dds
298	1	textures\LevelTextures\T_metal005.dds
299	1	textures\LevelTextures\T_metal006.dds
300	1	textures\LevelTextures\T_metal006_normal.dds
301	1	textures\LevelTextures\T_metal007.dds
302	1	textures\LevelTextures\T_metal007_normal.dds
303	1	textures\LevelTextures\T_metal008.dds
304	1	textures\LevelTextures\T_metal008_metal.dds
305	1	textures\LevelTextures\T_metal008_normal.dds
306	1	textures\LevelTextures\T_metal_fences.dds
307	1	textures\LevelTextures\T_metal_fences_normal.dds
308	1	textures\LevelTextures\T_old_galvanized001.dds
309	1	textures\LevelTextures\T_old_galvanized001_metal.dds
310	1	textures\LevelTextures\T_old_galvanized001_normal.dds
311	1	textures\LevelTextures\T_plaster001.dds
312	1	textures\LevelTextures\T_plaster001_color.dds
313	1	textures\LevelTextures\T_plaster001_normal.dds
314	1	textures\LevelTextures\T_plaster002.dds
315	1	textures\LevelTextures\T_plaster002_normal.dds
316	1	textures\LevelTextures\T_plastic001.dds
317	1	textures\LevelTextures\T_plastic001_normal.dds
318	1	textures\LevelTextures\T_roof001.dds
319	1	textures\LevelTextures\T_roof001_normal.dds
320	1	textures\LevelTextures\T_roof002.dds
321	1	textures\LevelTextures\T_roof002_normal.dds
322	1	textures\LevelTextures\T_roof003.dds
323	1	textures\LevelTextures\T_roof003_green.dds
324	1	textures\LevelTextures\T_roof003_normal.dds
325	1	textures\LevelTextures\T_roof004.dds
326	1	textures\LevelTextures\T_roof004_normal.dds
327	1	textures\LevelTextures\T_roof005.dds
328	1	textures\LevelTextures\T_roof005_normal.dds
329	1	textures\LevelTextures\T_roofPV.dds
330	1	textures\LevelTextures\T_roofPV_normal.dds
331	1	textures\LevelTextures\T_rust001.dds
332	1	textures\LevelTextures\T_rust001_normal.dds
333	1	textures\LevelTextures\T_soil001.dds
334	1	textures\LevelTextures\T_soil001_normal.dds
335	1	textures\LevelTextures\T_stone001.dds
336	1	textures\LevelTextures\T_stone001_normal.dds
337	1	textures\LevelTextures\T_stone002.dds
338	1	textures\LevelTextures\T_stone002_normal.dds
339	1	textures\LevelTextures\T_streetfloor001.dds
340	1	textures\LevelTextures\T_streetfloor001_normal.dds
341	1	textures\LevelTextures\T_streetfloor002.dds
342	1	textures\LevelTextures\T_streetfloor002_normal.dds
343	1	textures\LevelTextures\T_windows001.dds
344	1	textures\LevelTextures\T_windows001_normal.dds
345	1	textures\LevelTextures\T_wood001.dds
346	1	textures\LevelTextures\T_wood001_normal.dds
347	1	textures\LevelTextures\T_wood002.dds
348	1	textures\LevelTextures\T_wood002_normal.dds
349	1	textures\LevelTextures\T_wood003.dds
350	1	textures\LevelTextures\T_wood003_normal.dds
351	1	textures\LevelTextures\T_wood004.dds
352	1	textures\LevelTextures\T_wood004_normal.dds
353	1	textures\LevelTextures\T_wood005.dds
354	1	textures\LevelTextures\T_wood005_normal.dds
355	1	textures\LevelTextures\T_wood_planks_painted001.dds
356	1	textures\LevelTextures\T_wood_planks_painted001_normal.dds
357	1	textures\LevelTextures\wallpaper001.dds
358	1	textures\LevelTextures\wallpaper001_normal.dds
359	1	textures\misc\actors\actor_Becky1.dds
360	1	textures\misc\actors\actor_Calvin1.dds
361	1	textures\misc\actors\actor_Clara1.dds
362	1	textures\misc\actors\actor_Frank1.dds
363	1	textures\misc\actors\actor_Janet1.dds
364	1	textures\misc\actors\actor_John1.dds
365	1	textures\misc\actors\actor_Lydia1.dds
366	1	textures\misc\actors\actor_Oliver1.dds
367	1	textures\misc\actors\actor_Sam1.dds
368	1	textures\misc\actors\actor_Steve1.dds
369	1	textures\misc\actors\actor_Sybil1.dds
370	1	textures\misc\actors\actor_unknown_man.dds
371	1	textures\misc\actors\actor_unknown_social.dds
372	1	textures\misc\actors\actor_unknown_woman.dds
373	1	textures\misc\actors\actor_Will1.dds
374	1	textures\misc\hud\hud_arrow_big.dds
375	1	textures\misc\hud\hud_arrow_small.dds
376	1	textures\misc\hud\hud_backcam_down.dds
377	1	textures\misc\hud\hud_backcam_up.dds
378	1	textures\misc\hud\hud_banner_farm2.dds
379	1	textures\misc\hud\hud_banner_farm2_over.dds
380	1	textures\misc\hud\hud_circle.dds
381	1	textures\misc\hud\hud_crosshair.dds
382	1	textures\misc\hud\hud_dialog_ll.dds
383	1	textures\misc\hud\hud_dialog_lr.dds
384	1	textures\misc\hud\hud_dialog_ul.dds
385	1	textures\misc\hud\hud_dialog_ur.dds
386	1	textures\misc\hud\hud_exit_farm2.dds
387	1	textures\misc\hud\hud_fuel01.dds
388	1	textures\misc\hud\hud_gradient_left.dds
389	1	textures\misc\hud\hud_keyframe01.dds
390	1	textures\misc\hud\hud_keyframe02.dds
391	1	textures\misc\hud\hud_kursor.dds
392	1	textures\misc\hud\hud_map_exclamation.dds
393	1	textures\misc\hud\hud_map_job.dds
394	1	textures\misc\hud\hud_map_marker.dds
395	1	textures\misc\hud\hud_map_player.dds
396	1	textures\misc\hud\hud_map_select_marker.dds
397	1	textures\misc\hud\hud_map_social.dds
398	1	textures\misc\hud\hud_map_star.dds
399	1	textures\misc\hud\hud_rod_target.dds
400	1	textures\misc\hud\hud_tab_build.dds
401	1	textures\misc\hud\hud_tab_cancel.dds
402	1	textures\misc\hud\hud_tab_fishing.dds
403	1	textures\misc\hud\hud_tab_ico.dds
404	1	textures\misc\hud\hud_tab_mower.dds
405	1	textures\misc\hud\hud_tab_repair.dds
406	1	textures\misc\hud\hud_tab_scaffold.dds
407	1	textures\misc\hud\hud_vignette.dds
408	1	textures\misc\hud\hud_watch_moon0.dds
409	1	textures\misc\hud\hud_watch_moon1.dds
410	1	textures\misc\hud\hud_watch_sun0.dds
411	1	textures\misc\hud\hud_watch_sun1.dds
412	1	textures\misc\hud\hud_watch_sun2.dds
413	1	textures\misc\hud\hud_watch_sun3.dds
414	1	textures\misc\hud\hud_watch_sun4.dds
415	1	textures\misc\hud\hud_watch_trophy.dds
416	1	textures\misc\hud\hud_waypoint3d.dds
417	1	textures\misc\hud\hud_waypoint3d_sleep.dds
418	1	textures\misc\hud\hud_waypoint_dol.dds
419	1	textures\misc\hud\hud_waypoint_gora.dds
420	1	textures\misc\hud\hud_waypoint_lewo.dds
421	1	textures\misc\hud\hud_waypoint_prawo.dds
422	1	textures\misc\hud\hud_weather_sun01.dds
423	1	textures\misc\hud\hud_xbox_A.dds
424	1	textures\misc\hud\hud_xbox_B.dds
425	1	textures\misc\hud\hud_xbox_back.dds
426	1	textures\misc\hud\hud_xbox_down.dds
427	1	textures\misc\hud\hud_xbox_LB.dds
428	1	textures\misc\hud\hud_xbox_left.dds
429	1	textures\misc\hud\hud_xbox_LT.dds
430	1	textures\misc\hud\hud_xbox_LTR.dds
431	1	textures\misc\hud\hud_xbox_RB.dds
432	1	textures\misc\hud\hud_xbox_right.dds
433	1	textures\misc\hud\hud_xbox_RT.dds
434	1	textures\misc\hud\hud_xbox_RTR.dds
435	1	textures\misc\hud\hud_xbox_start.dds
436	1	textures\misc\hud\hud_xbox_up.dds
437	1	textures\misc\hud\hud_xbox_X.dds
438	1	textures\misc\hud\hud_xbox_Y.dds
439	1	textures\misc\hud\icon_agro_magazine.dds
440	1	textures\misc\hud\icon_agro_sale_market.dds
441	1	textures\misc\hud\icon_agro_store.dds
442	1	textures\misc\hud\icon_airbricks.DDS
443	1	textures\misc\hud\icon_bale_market.dds
444	1	textures\misc\hud\icon_barn.dds
445	1	textures\misc\hud\icon_bitumen.dds
446	1	textures\misc\hud\icon_bricks.DDS
447	1	textures\misc\hud\icon_buildings.dds
448	1	textures\misc\hud\icon_building_material_storage.dds
449	1	textures\misc\hud\icon_building_store.dds
450	1	textures\misc\hud\icon_bus_station.dds
451	1	textures\misc\hud\icon_campfire.dds
452	1	textures\misc\hud\icon_ceramic_roof.dds
453	1	textures\misc\hud\icon_church_map.dds
454	1	textures\misc\hud\icon_coffee.dds
455	1	textures\misc\hud\icon_cooking.dds
456	1	textures\misc\hud\icon_debug_farmers_fishing.dds
457	1	textures\misc\hud\icon_debug_farmers_garden.dds
458	1	textures\misc\hud\icon_debug_farmers_home_door.dds
459	1	textures\misc\hud\icon_debug_farmers_mushroom.dds
460	1	textures\misc\hud\icon_debug_farmers_rain_shelter.dds
461	1	textures\misc\hud\icon_debug_farmers_yard.dds
462	1	textures\misc\hud\icon_exclamation.dds
463	1	textures\misc\hud\icon_finish_coat.dds
464	1	textures\misc\hud\icon_food_storage.dds
465	1	textures\misc\hud\icon_fuel_tank.dds
466	1	textures\misc\hud\icon_garage.dds
467	1	textures\misc\hud\icon_gas_station.dds
468	1	textures\misc\hud\icon_general_store_map.dds
469	1	textures\misc\hud\icon_grain_market.dds
470	1	textures\misc\hud\icon_greenhouse_buy.dds
471	1	textures\misc\hud\icon_hay_storage.dds
472	1	textures\misc\hud\icon_henhouse.dds
473	1	textures\misc\hud\icon_home_farm_map.dds
474	1	textures\misc\hud\icon_impregnate.dds
475	1	textures\misc\hud\icon_internet.dds
476	1	textures\misc\hud\icon_keyboard.dds
477	1	textures\misc\hud\icon_metalplate.dds
478	1	textures\misc\hud\icon_metal_red.dds
479	1	textures\misc\hud\icon_old_mill.dds
480	1	textures\misc\hud\icon_planks.DDS
481	1	textures\misc\hud\icon_plaster.dds
482	1	textures\misc\hud\icon_player_bed.dds
483	1	textures\misc\hud\icon_question.dds
484	1	textures\misc\hud\icon_relax_map.dds
485	1	textures\misc\hud\icon_roofplate_1.dds
486	1	textures\misc\hud\icon_scratch_coat.dds
487	1	textures\misc\hud\icon_seedling_storage.dds
488	1	textures\misc\hud\icon_shingle.dds
489	1	textures\misc\hud\icon_silo_buy.dds
490	1	textures\misc\hud\icon_silo_chute.dds
491	1	textures\misc\hud\icon_silo_disposal.dds
492	1	textures\misc\hud\icon_slurry_tank.dds
493	1	textures\misc\hud\icon_smile_happy.dds
494	1	textures\misc\hud\icon_smile_heart.dds
495	1	textures\misc\hud\icon_smile_like.dds
496	1	textures\misc\hud\icon_smile_neutral.dds
497	1	textures\misc\hud\icon_smile_sad.dds
498	1	textures\misc\hud\icon_town_square_map.dds
499	1	textures\misc\hud\icon_train_station_map.dds
500	1	textures\misc\hud\icon_vehicle.dds
501	1	textures\misc\hud\icon_vehicle_car.dds
502	1	textures\misc\hud\icon_vehicle_combine.dds
503	1	textures\misc\hud\icon_vehicle_small.dds
504	1	textures\misc\hud\icon_vehicle_store.dds
505	1	textures\misc\hud\icon_vehicle_trailer.dds
506	1	textures\misc\hud\icon_wheel.dds
507	1	textures\misc\hud\icon_xbox.dds
508	1	textures\misc\hud\ico_barley.dds
509	1	textures\misc\hud\ico_canola.dds
510	1	textures\misc\hud\ico_cat.dds
511	1	textures\misc\hud\ico_chili.dds
512	1	textures\misc\hud\ico_corn.dds
513	1	textures\misc\hud\ico_COW.dds
514	1	textures\misc\hud\ico_cucumber.dds
515	1	textures\misc\hud\ico_dahlia.dds
516	1	textures\misc\hud\ico_duck.dds
517	1	textures\misc\hud\ico_goose.dds
518	1	textures\misc\hud\ico_grass.dds
519	1	textures\misc\hud\ico_hen.dds
520	1	textures\misc\hud\ico_lupin.dds
521	1	textures\misc\hud\ico_melon.dds
522	1	textures\misc\hud\ico_paprika.dds
523	1	textures\misc\hud\ico_pea.dds
524	1	textures\misc\hud\ico_pigeons.dds
525	1	textures\misc\hud\ico_pumpkin.dds
526	1	textures\misc\hud\ico_rooster.dds
527	1	textures\misc\hud\ico_rose.dds
528	1	textures\misc\hud\ico_soy.dds
529	1	textures\misc\hud\ico_tomato.dds
530	1	textures\misc\hud\ico_tulip.dds
531	1	textures\misc\hud\ico_wheat.dds
532	1	textures\misc\hud\ico_zinnia.dds
533	1	textures\misc\hud\ico_zucchini.dds
534	1	textures\misc\hud\item_icon_apple.dds
535	1	textures\misc\hud\item_icon_apple2.dds
536	1	textures\misc\hud\item_icon_applemelonpie.dds
537	1	textures\misc\hud\item_icon_background.dds
538	1	textures\misc\hud\item_icon_background_selected.dds
539	1	textures\misc\hud\item_icon_beer.dds
540	1	textures\misc\hud\item_icon_chainsaw.dds
541	1	textures\misc\hud\item_icon_chili.dds
542	1	textures\misc\hud\item_icon_chili2.dds
543	1	textures\misc\hud\item_icon_chilidish.dds
544	1	textures\misc\hud\item_icon_chocolates.dds
545	1	textures\misc\hud\item_icon_coffee_cup.dds
546	1	textures\misc\hud\item_icon_cucumber.dds
547	1	textures\misc\hud\item_icon_cucumber2.dds
548	1	textures\misc\hud\item_icon_cucumberdish.dds
549	1	textures\misc\hud\item_icon_dahlia.dds
550	1	textures\misc\hud\item_icon_drone.dds
551	1	textures\misc\hud\item_icon_drone2.dds
552	1	textures\misc\hud\item_icon_duck_egg.dds
553	1	textures\misc\hud\item_icon_egg.dds
554	1	textures\misc\hud\item_icon_egg2.dds
555	1	textures\misc\hud\item_icon_egg_book.dds
556	1	textures\misc\hud\item_icon_egg_casserole1.dds
557	1	textures\misc\hud\item_icon_egg_casserole2.dds
558	1	textures\misc\hud\item_icon_egg_casserole3.dds
559	1	textures\misc\hud\item_icon_fish1.dds
560	1	textures\misc\hud\item_icon_fish12.dds
561	1	textures\misc\hud\item_icon_fish2.dds
562	1	textures\misc\hud\item_icon_fish22.dds
563	1	textures\misc\hud\item_icon_fishing_rod.dds
564	1	textures\misc\hud\item_icon_fish_book.dds
565	1	textures\misc\hud\item_icon_fish_in_cake.dds
566	1	textures\misc\hud\item_icon_fish_soup_spicy.dds
567	1	textures\misc\hud\item_icon_fish_sushi.dds
568	1	textures\misc\hud\item_icon_golden_ring.dds
569	1	textures\misc\hud\item_icon_goose_egg.dds
570	1	textures\misc\hud\item_icon_headlamp.dds
571	1	textures\misc\hud\item_icon_honey.dds
572	1	textures\misc\hud\item_icon_honey_book.dds
573	1	textures\misc\hud\item_icon_honey_icecream.dds
574	1	textures\misc\hud\item_icon_honey_pancakes.dds
575	1	textures\misc\hud\item_icon_honey_pie.dds
576	1	textures\misc\hud\item_icon_it3_1.dds
577	1	textures\misc\hud\item_icon_it3_2.dds
578	1	textures\misc\hud\item_icon_it3_3.dds
579	1	textures\misc\hud\item_icon_it3_4.dds
580	1	textures\misc\hud\item_icon_melon.dds
581	1	textures\misc\hud\item_icon_melon2.dds
582	1	textures\misc\hud\item_icon_milk.dds
583	1	textures\misc\hud\item_icon_milk2.dds
584	1	textures\misc\hud\item_icon_motorsense.dds
585	1	textures\misc\hud\item_icon_mushrooms.dds
586	1	textures\misc\hud\item_icon_paprika.dds
587	1	textures\misc\hud\item_icon_paprika2.dds
588	1	textures\misc\hud\item_icon_paprikadish.dds
589	1	textures\misc\hud\item_icon_perfume.dds
590	1	textures\misc\hud\item_icon_pumpkin.dds
591	1	textures\misc\hud\item_icon_pumpkin2.dds
592	1	textures\misc\hud\item_icon_rake.dds
593	1	textures\misc\hud\item_icon_rose.dds
594	1	textures\misc\hud\item_icon_roses.dds
595	1	textures\misc\hud\item_icon_sausage.dds
596	1	textures\misc\hud\item_icon_seeds_dahlia.dds
597	1	textures\misc\hud\item_icon_seeds_rose.dds
598	1	textures\misc\hud\item_icon_seeds_tulip.dds
599	1	textures\misc\hud\item_icon_seeds_zinnia.dds
600	1	textures\misc\hud\item_icon_shovel.dds
601	1	textures\misc\hud\item_icon_silver_ring.dds
602	1	textures\misc\hud\item_icon_strawberry.dds
603	1	textures\misc\hud\item_icon_tomato.dds
604	1	textures\misc\hud\item_icon_tomato2.dds
605	1	textures\misc\hud\item_icon_tulip.dds
606	1	textures\misc\hud\item_icon_tulips.dds
607	1	textures\misc\hud\item_icon_wateringCan.dds
608	1	textures\misc\hud\item_icon_zinnia.dds
609	1	textures\misc\hud\item_icon_zucchini.dds
610	1	textures\misc\hud\item_icon_zucchini2.dds
611	1	textures\misc\hud\map_job.dds
612	1	textures\misc\hud\map_map1.dds
613	1	textures\misc\hud\map_map1_counties.dds
614	1	textures\misc\hud\map_map1_normal.dds
615	1	textures\misc\hud\menu_background.DDS
616	1	textures\misc\hud\Menu_bg_black.dds
617	1	textures\misc\hud\physics_no_parking.dds
618	1	textures\misc\icon_beets_disposal.dds
619	1	textures\misc\icon_potatoes_chute.dds
620	1	textures\misc\icon_potatoes_disposal.dds
621	1	textures\misc\ico_beetroot.dds
622	1	textures\misc\ico_potato.dds
623	1	textures\misc\loading\level_loading_map1.DDS
624	1	textures\misc\loading\level_loading_map1a.dds
625	1	textures\misc\loading\level_loading_map1b.dds
626	1	textures\misc\loading\level_loading_map1c.dds
627	1	textures\misc\loading\level_loading_map1d.dds
628	1	textures\misc\loading\level_loading_map1e.dds
629	1	textures\models\animals\boar.dds
630	1	textures\models\animals\boar_normal.dds
631	1	textures\models\animals\deer.dds
632	1	textures\models\animals\deer_normal.dds
633	1	textures\models\animals\eagle.dds
634	1	textures\models\animals\eagle_normal.dds
635	1	textures\models\animals\starling.dds
636	1	textures\models\animals\starling_normal.dds
637	1	textures\models\animals\starling_wings.dds
638	1	textures\models\animals\starling_wings_normal.dds
639	1	textures\models\animals\stork.dds
640	1	textures\models\animals\stork_normal.dds
641	1	textures\models\animal_cat\cat.dds
642	1	textures\models\animal_cat\cat_normal.dds
643	1	textures\models\animal_cow\animal_cow.dds
644	1	textures\models\animal_cow\animal_cow2.dds
645	1	textures\models\animal_cow\animal_cow3.dds
646	1	textures\models\animal_cow\animal_cow4.dds
647	1	textures\models\animal_cow\animal_cow_normal.dds
648	1	textures\models\animal_dog\dog.dds
649	1	textures\models\animal_dog\dog_normal.dds
650	1	textures\models\animal_duck\duck.dds
651	1	textures\models\animal_duck\duck_normal.dds
652	1	textures\models\animal_goose\goose.dds
653	1	textures\models\animal_goose\goose_normal.dds
654	1	textures\models\animal_hen\animal_hen.dds
655	1	textures\models\animal_hen\animal_hen2.dds
656	1	textures\models\animal_hen\animal_hen3.dds
657	1	textures\models\animal_hen\animal_hen_feathers.dds
658	1	textures\models\animal_hen\animal_hen_feathers_normal.dds
659	1	textures\models\animal_hen\animal_hen_normal.dds
660	1	textures\models\animal_pigeon\pigeon.dds
661	1	textures\models\animal_pigeon\pigeon_normal.dds
662	1	textures\models\animal_rooster\feather.dds
663	1	textures\models\animal_rooster\feather_normal.dds
664	1	textures\models\animal_rooster\rooster.dds
665	1	textures\models\animal_rooster\rooster_normal.dds
666	1	textures\models\attachments\eyewear1.dds
667	1	textures\models\attachments\eyewear1_normal.dds
668	1	textures\models\attachments\hat1.dds
669	1	textures\models\attachments\hat1_normal.dds
670	1	textures\models\attachments\man1_hair.dds
671	1	textures\models\attachments\man1_hair_normal.dds
672	1	textures\models\attachments\man_beard1.dds
673	1	textures\models\attachments\man_beard1_normal.dds
674	1	textures\models\attachments\man_hat1.dds
675	1	textures\models\attachments\man_hat1_normal.dds
676	1	textures\models\attachments\man_hat2.dds
677	1	textures\models\attachments\man_hat2_normal.dds
678	1	textures\models\attachments\man_hat3.dds
679	1	textures\models\attachments\man_hat3_normal.dds
680	1	textures\models\attachments\man_hat4.dds
681	1	textures\models\attachments\man_hat4_normal.dds
682	1	textures\models\attachments\man_hat5.dds
683	1	textures\models\attachments\man_hat5_normal.dds
684	1	textures\models\attachments\man_hat6.dds
685	1	textures\models\attachments\man_hat6_normal.dds
686	1	textures\models\attachments\wedding_veil.dds
687	1	textures\models\attachments\wedding_veil2.dds
688	1	textures\models\attachments\wedding_veil2_normal.dds
689	1	textures\models\attachments\wedding_veil_normal.dds
690	1	textures\models\attachments\woman_hair1.dds
691	1	textures\models\attachments\woman_hair1_A.dds
692	1	textures\models\attachments\woman_hair1_B.dds
693	1	textures\models\attachments\woman_hair1_C.dds
694	1	textures\models\attachments\woman_hair1_D.dds
695	1	textures\models\attachments\woman_hair1_E.dds
696	1	textures\models\attachments\woman_hair1_F.dds
697	1	textures\models\attachments\woman_hair1_normal.dds
698	1	textures\models\attachments\woman_hair2.dds
699	1	textures\models\attachments\woman_hair2_normal.dds
700	1	textures\models\attachments\woman_hair3.dds
701	1	textures\models\attachments\woman_hair3_normal.dds
702	1	textures\models\child1\child1_Body.dds
703	1	textures\models\child1\child1_Body_normal.dds
704	1	textures\models\child1\child1_Bottom.dds
705	1	textures\models\child1\child1_Bottom_normal.dds
706	1	textures\models\child1\child1_Hair.dds
707	1	textures\models\child1\child1_Hair_normal.dds
708	1	textures\models\child1\child1_Shoes.dds
709	1	textures\models\child1\child1_Shoes_normal.dds
710	1	textures\models\child1\child1_Top.dds
711	1	textures\models\child1\child1_Top_normal.dds
712	1	textures\models\child1_3y\child1_3y_Body.dds
713	1	textures\models\child1_3y\child1_3y_Body_normal.dds
714	1	textures\models\child1_3y\child1_3y_Bottom.dds
715	1	textures\models\child1_3y\child1_3y_Bottom_normal.dds
716	1	textures\models\child1_3y\child1_3y_Shoes.dds
717	1	textures\models\child1_3y\child1_3y_Shoes_normal.dds
718	1	textures\models\child1_3y\child1_3y_Top.dds
719	1	textures\models\child1_3y\child1_3y_Top_normal.dds
720	1	textures\models\child2\child2_Body.dds
721	1	textures\models\child2\child2_Body_normal.dds
722	1	textures\models\child2\child2_Bottom.dds
723	1	textures\models\child2\child2_Bottom_normal.dds
724	1	textures\models\child2\child2_Hair.dds
725	1	textures\models\child2\child2_Hair_normal.dds
726	1	textures\models\child2\child2_Shoes.dds
727	1	textures\models\child2\child2_Shoes_normal.dds
728	1	textures\models\child2\child2_Top.dds
729	1	textures\models\child2\child2_Top_normal.dds
730	1	textures\models\child2_3y\child2_3y_Body.dds
731	1	textures\models\child2_3y\child2_3y_Body_normal.dds
732	1	textures\models\child2_3y\child2_3y_Bottom.dds
733	1	textures\models\child2_3y\child2_3y_Bottom_normal.dds
734	1	textures\models\child2_3y\child2_3y_Hair.dds
735	1	textures\models\child2_3y\child2_3y_Hair_normal.dds
736	1	textures\models\child2_3y\child2_3y_Shoes.dds
737	1	textures\models\child2_3y\child2_3y_Shoes_normal.dds
738	1	textures\models\child2_3y\child2_3y_Top.dds
739	1	textures\models\child2_3y\child2_3y_Top_normal.dds
740	1	textures\models\eyelash.dds
741	1	textures\models\eyelash_normal.dds
742	1	textures\models\eye_black.dds
743	1	textures\models\eye_blue.dds
744	1	textures\models\eye_brown.dds
745	1	textures\models\eye_green.dds
746	1	textures\models\eye_normal.dds
747	1	textures\models\fingernails.dds
748	1	textures\models\fingernails_normal.dds
749	1	textures\models\hero\hero_Hat.dds
750	1	textures\models\hero\hero_Hat_normal.dds
751	1	textures\models\hero\hero_husband_body.dds
752	1	textures\models\hero\hero_husband_body_normal.dds
753	1	textures\models\hero\hero_husband_bottom.dds
754	1	textures\models\hero\hero_husband_bottom_normal.dds
755	1	textures\models\hero\hero_husband_shoes.dds
756	1	textures\models\hero\hero_husband_shoes_normal.dds
757	1	textures\models\hero\hero_husband_top.dds
758	1	textures\models\hero\hero_husband_top_normal.dds
759	1	textures\models\hero\hero_jeans.dds
760	1	textures\models\hero\hero_jeans_normal.dds
761	1	textures\models\hero\hero_Shoes.dds
762	1	textures\models\hero\hero_Shoes_Normal.dds
763	1	textures\models\hero\hero_skin_body.dds
764	1	textures\models\hero\hero_skin_body_normal.dds
765	1	textures\models\hero\hero_skin_head.dds
766	1	textures\models\hero\hero_skin_head_normal.dds
767	1	textures\models\hero\hero_Top.dds
768	1	textures\models\hero\hero_Top_normal.dds
769	1	textures\models\infant\infant.dds
770	1	textures\models\infant\infant_normal.dds
771	1	textures\models\infant\infant_short.dds
772	1	textures\models\infant\infant_short_normal.dds
773	1	textures\models\man1\man1_Body.dds
774	1	textures\models\man1\man1_Body_Normal.dds
775	1	textures\models\man1\man1_Bottom.dds
776	1	textures\models\man1\man1_Bottom_Normal.dds
777	1	textures\models\man1\man1_eyelashes.dds
778	1	textures\models\man1\man1_eyelashes_Normal.dds
779	1	textures\models\man1\man1_jeans.dds
780	1	textures\models\man1\man1_jeans_normal.dds
781	1	textures\models\man1\man1_shirt.dds
782	1	textures\models\man1\man1_shirt02.dds
783	1	textures\models\man1\man1_shirt03.dds
784	1	textures\models\man1\man1_shirt_normal.dds
785	1	textures\models\man1\man1_Shoes.dds
786	1	textures\models\man1\man1_Shoes02.dds
787	1	textures\models\man1\man1_Shoes_Normal.dds
788	1	textures\models\man1\man1_skin_body.dds
789	1	textures\models\man1\man1_skin_body_normal.dds
790	1	textures\models\man1\man1_skin_head.dds
791	1	textures\models\man1\man1_skin_head_normal.dds
792	1	textures\models\man1\man1_Top.dds
793	1	textures\models\man1\man1_Top_normal.dds
794	1	textures\models\man2\man2_body.dds
795	1	textures\models\man2\man2_body_normal.dds
796	1	textures\models\man2\man2_bottom.dds
797	1	textures\models\man2\man2_bottom_normal.dds
798	1	textures\models\man2\man2_jenas.dds
799	1	textures\models\man2\man2_jenas02.dds
800	1	textures\models\man2\man2_jenas03.dds
801	1	textures\models\man2\man2_jenas_normal.dds
802	1	textures\models\man2\man2_shirt.dds
803	1	textures\models\man2\man2_shirt02.dds
804	1	textures\models\man2\man2_shirt03.dds
805	1	textures\models\man2\man2_shirt04.dds
806	1	textures\models\man2\man2_shirt_normal.dds
807	1	textures\models\man2\man2_shoes.dds
808	1	textures\models\man2\man2_shoes02.dds
809	1	textures\models\man2\man2_shoes03.dds
810	1	textures\models\man2\man2_shoes_normal.dds
811	1	textures\models\man2\man2_skin_body.dds
812	1	textures\models\man2\man2_skin_body_normal.dds
813	1	textures\models\man2\man2_skin_head.dds
814	1	textures\models\man2\man2_skin_head_normal.dds
815	1	textures\models\man2\man2_top.dds
816	1	textures\models\man2\man2_top_normal.dds
817	1	textures\models\man3\man3_body.dds
818	1	textures\models\man3\man3_body_head.dds
819	1	textures\models\man3\man3_body_head_normal.dds
820	1	textures\models\man3\man3_body_normal.dds
821	1	textures\models\man3\man3_bottom.dds
822	1	textures\models\man3\man3_bottom_normal.dds
823	1	textures\models\man3\man3_pants.dds
824	1	textures\models\man3\man3_pants02.dds
825	1	textures\models\man3\man3_pants03.dds
826	1	textures\models\man3\man3_pants_normal.dds
827	1	textures\models\man3\man3_shoes.dds
828	1	textures\models\man3\man3_shoes_normal.dds
829	1	textures\models\man3\man3_skin_body.dds
830	1	textures\models\man3\man3_skin_body_normal.dds
831	1	textures\models\man3\man3_top.dds
832	1	textures\models\man3\man3_top_normal.dds
833	1	textures\models\man3\man3_Tshirt.dds
834	1	textures\models\man3\man3_Tshirt02.dds
835	1	textures\models\man3\man3_Tshirt03.dds
836	1	textures\models\man3\man3_Tshirt04.dds
837	1	textures\models\man3\man3_Tshirt_normal.dds
838	1	textures\models\man4\man4_Body.dds
839	1	textures\models\man4\man4_Body_normal.dds
840	1	textures\models\man4\man4_Bottom.dds
841	1	textures\models\man4\man4_Bottom_normal.dds
842	1	textures\models\man4\man4_jacket.dds
843	1	textures\models\man4\man4_jacket02.dds
844	1	textures\models\man4\man4_jacket03.dds
845	1	textures\models\man4\man4_jacket_normal.dds
846	1	textures\models\man4\man4_Shoes.dds
847	1	textures\models\man4\man4_Shoes02.dds
848	1	textures\models\man4\man4_Shoes_normal.dds
849	1	textures\models\man4\man4_shorts.dds
850	1	textures\models\man4\man4_shorts02.dds
851	1	textures\models\man4\man4_shorts03.dds
852	1	textures\models\man4\man4_shorts_normal.dds
853	1	textures\models\man4\man4_skin_body.dds
854	1	textures\models\man4\man4_skin_body_normal.dds
855	1	textures\models\man4\man4_skin_head.dds
856	1	textures\models\man4\man4_skin_head_normal.dds
857	1	textures\models\man4\man4_Top.dds
858	1	textures\models\man4\man4_Top_normal.dds
859	1	textures\models\man4\man4_Tshirt.dds
860	1	textures\models\man4\man4_Tshirt02.dds
861	1	textures\models\man4\man4_Tshirt03.dds
862	1	textures\models\man4\man4_Tshirt04.dds
863	1	textures\models\man4\man4_Tshirt_normal.dds
864	1	textures\models\man5\man5_Body.dds
865	1	textures\models\man5\man5_Body_normal.dds
866	1	textures\models\man5\man5_Bottom.dds
867	1	textures\models\man5\man5_Bottom_normal.dds
868	1	textures\models\man5\man5_jacket.dds
869	1	textures\models\man5\man5_jacket02.dds
870	1	textures\models\man5\man5_jacket03.dds
871	1	textures\models\man5\man5_jacket_normal.dds
872	1	textures\models\man5\man5_jeans.dds
873	1	textures\models\man5\man5_jeans02.dds
874	1	textures\models\man5\man5_jeans03.dds
875	1	textures\models\man5\man5_jeans04.dds
876	1	textures\models\man5\man5_jeans_normal.dds
877	1	textures\models\man5\man5_shirt.dds
878	1	textures\models\man5\man5_shirt02.dds
879	1	textures\models\man5\man5_shirt03.dds
880	1	textures\models\man5\man5_shirt_normal.dds
881	1	textures\models\man5\man5_Shoes.dds
882	1	textures\models\man5\man5_Shoes_normal.dds
883	1	textures\models\man5\man5_skin_body.dds
884	1	textures\models\man5\man5_skin_body_normal.dds
885	1	textures\models\man5\man5_skin_head.dds
886	1	textures\models\man5\man5_skin_head_normal.dds
887	1	textures\models\man5\man5_Top.dds
888	1	textures\models\man5\man5_Top_normal.dds
889	1	textures\models\man6\man6_body.dds
890	1	textures\models\man6\man6_body_normal.dds
891	1	textures\models\man6\man6_bottom.dds
892	1	textures\models\man6\man6_bottom_normal.dds
893	1	textures\models\man6\man6_jacket.dds
894	1	textures\models\man6\man6_jacket02.dds
895	1	textures\models\man6\man6_jacket03.dds
896	1	textures\models\man6\man6_jacket04.dds
897	1	textures\models\man6\man6_jacket_normal.dds
898	1	textures\models\man6\man6_pants.dds
899	1	textures\models\man6\man6_pants02.dds
900	1	textures\models\man6\man6_pants03.dds
901	1	textures\models\man6\man6_pants_normal.dds
902	1	textures\models\man6\man6_shoes.dds
903	1	textures\models\man6\man6_shoes02.dds
904	1	textures\models\man6\man6_shoes_normal.dds
905	1	textures\models\man6\man6_skin_body.dds
906	1	textures\models\man6\man6_skin_body_normal.dds
907	1	textures\models\man6\man6_skin_head.dds
908	1	textures\models\man6\man6_skin_head02.dds
909	1	textures\models\man6\man6_skin_head02_normal.dds
910	1	textures\models\man6\man6_skin_head_normal.dds
911	1	textures\models\man6\man6_top.dds
912	1	textures\models\man6\man6_top_normal.dds
913	1	textures\models\man7\man7_body.dds
914	1	textures\models\man7\man7_body_normal.dds
915	1	textures\models\man7\man7_bottom.dds
916	1	textures\models\man7\man7_bottom_normal.dds
917	1	textures\models\man7\man7_jeans.dds
918	1	textures\models\man7\man7_jeans02.dds
919	1	textures\models\man7\man7_jeans03.dds
920	1	textures\models\man7\man7_jeans04.dds
921	1	textures\models\man7\man7_jeans_normal.dds
922	1	textures\models\man7\man7_shirt.dds
923	1	textures\models\man7\man7_shirt02.dds
924	1	textures\models\man7\man7_shirt03.dds
925	1	textures\models\man7\man7_shirt_normal.dds
926	1	textures\models\man7\man7_shoes.dds
927	1	textures\models\man7\man7_shoes02.dds
928	1	textures\models\man7\man7_shoes03.dds
929	1	textures\models\man7\man7_shoes_normal.dds
930	1	textures\models\man7\man7_skin_body.dds
931	1	textures\models\man7\man7_skin_body_normal.dds
932	1	textures\models\man7\man7_skin_head.dds
933	1	textures\models\man7\man7_skin_head_normal.dds
934	1	textures\models\man7\man7_top.dds
935	1	textures\models\man7\man7_top_normal.dds
936	1	textures\models\pastor\pastor_body.dds
937	1	textures\models\pastor\pastor_body_normal.dds
938	1	textures\models\pastor\pastor_bottom.dds
939	1	textures\models\pastor\pastor_bottom_normal.dds
940	1	textures\models\pastor\pastor_shoes.dds
941	1	textures\models\pastor\pastor_Shoes_normal.dds
942	1	textures\models\pastor\pastor_top.dds
943	1	textures\models\pastor\pastor_top_normal.dds
944	1	textures\models\scarecrow\scarecrow.dds
945	1	textures\models\scarecrow\scarecrow_face.dds
946	1	textures\models\scarecrow\scarecrow_face1.dds
947	1	textures\models\scarecrow\scarecrow_face1_normal.dds
948	1	textures\models\scarecrow\scarecrow_face2.dds
949	1	textures\models\scarecrow\scarecrow_face2_normal.dds
950	1	textures\models\scarecrow\scarecrow_face3.dds
951	1	textures\models\scarecrow\scarecrow_face3_normal.dds
952	1	textures\models\scarecrow\scarecrow_face_normal.dds
953	1	textures\models\scarecrow\scarecrow_normal.dds
954	1	textures\models\teeth.dds
955	1	textures\models\teeth_normal.dds
956	1	textures\models\woman1\woman1_body.dds
957	1	textures\models\woman1\woman1_body_normal.dds
958	1	textures\models\woman1\woman1_bottom.dds
959	1	textures\models\woman1\woman1_bottom_normal.dds
960	1	textures\models\woman1\woman1_eyelashes.dds
961	1	textures\models\woman1\woman1_eyelashes_normal.dds
962	1	textures\models\woman1\woman1_jeans.dds
963	1	textures\models\woman1\woman1_jeans02.dds
964	1	textures\models\woman1\woman1_jeans03.dds
965	1	textures\models\woman1\woman1_jeans04.dds
966	1	textures\models\woman1\woman1_jeans_normal.dds
967	1	textures\models\woman1\woman1_shoes.dds
968	1	textures\models\woman1\woman1_shoes02.dds
969	1	textures\models\woman1\woman1_shoes_normal.dds
970	1	textures\models\woman1\woman1_skin_body.dds
971	1	textures\models\woman1\woman1_skin_body_normal.dds
972	1	textures\models\woman1\woman1_skin_head.dds
973	1	textures\models\woman1\woman1_skin_head02.dds
974	1	textures\models\woman1\woman1_skin_head_normal.dds
975	1	textures\models\woman1\woman1_top.dds
976	1	textures\models\woman1\woman1_top02.dds
977	1	textures\models\woman1\woman1_top03.dds
978	1	textures\models\woman1\woman1_top04.dds
979	1	textures\models\woman1\woman1_top_normal.dds
980	1	textures\models\woman2\woman2_body.dds
981	1	textures\models\woman2\woman2_body_normal.dds
982	1	textures\models\woman2\woman2_bottom.dds
983	1	textures\models\woman2\woman2_bottom_normal.dds
984	1	textures\models\woman2\woman2_shoes.dds
985	1	textures\models\woman2\woman2_shoes_normal.dds
986	1	textures\models\woman2\woman2_skin_body.dds
987	1	textures\models\woman2\woman2_skin_body_normal.dds
988	1	textures\models\woman2\woman2_skin_head.dds
989	1	textures\models\woman2\woman2_skin_head02.dds
990	1	textures\models\woman2\woman2_skin_head_normal.dds
991	1	textures\models\woman2\woman2_skirt.dds
992	1	textures\models\woman2\woman2_skirt02.dds
993	1	textures\models\woman2\woman2_skirt03.dds
994	1	textures\models\woman2\woman2_skirt03_normal.dds
995	1	textures\models\woman2\woman2_skirt04.dds
996	1	textures\models\woman2\woman2_skirt_normal.dds
997	1	textures\models\woman2\woman2_top.dds
998	1	textures\models\woman2\woman2_top02.dds
999	1	textures\models\woman2\woman2_top03.dds
1000	1	textures\models\woman2\woman2_top04.dds
1001	1	textures\models\woman2\woman2_top_normal.dds
1002	1	textures\models\woman3\woman3_body.dds
1003	1	textures\models\woman3\woman3_body_normal.dds
1004	1	textures\models\woman3\woman3_bottom.dds
1005	1	textures\models\woman3\woman3_bottom_normal.dds
1006	1	textures\models\woman3\woman3_shoes.dds
1007	1	textures\models\woman3\woman3_shoes02.dds
1008	1	textures\models\woman3\woman3_shoes03.dds
1009	1	textures\models\woman3\woman3_shoes_normal.dds
1010	1	textures\models\woman3\woman3_shorts.dds
1011	1	textures\models\woman3\woman3_shorts02.dds
1012	1	textures\models\woman3\woman3_shorts02_normal.dds
1013	1	textures\models\woman3\woman3_shorts03.dds
1014	1	textures\models\woman3\woman3_shorts04.dds
1015	1	textures\models\woman3\woman3_shorts_normal.dds
1016	1	textures\models\woman3\woman3_skin_body.dds
1017	1	textures\models\woman3\woman3_skin_body_normal.dds
1018	1	textures\models\woman3\woman3_skin_head.dds
1019	1	textures\models\woman3\woman3_skin_head02.dds
1020	1	textures\models\woman3\woman3_skin_head_normal.dds
1021	1	textures\models\woman3\woman3_top.dds
1022	1	textures\models\woman3\woman3_top02.dds
1023	1	textures\models\woman3\woman3_top03.dds
1024	1	textures\models\woman3\woman3_topB.dds
1025	1	textures\models\woman3\woman3_top_normal.dds
1026	1	textures\models\woman4\woman4_body.dds
1027	1	textures\models\woman4\woman4_body_normal.dds
1028	1	textures\models\woman4\woman4_bottom.dds
1029	1	textures\models\woman4\woman4_bottom_normal.dds
1030	1	textures\models\woman4\woman4_pants.dds
1031	1	textures\models\woman4\woman4_pants02.dds
1032	1	textures\models\woman4\woman4_pants03.dds
1033	1	textures\models\woman4\woman4_pants04.dds
1034	1	textures\models\woman4\woman4_pants_normal.dds
1035	1	textures\models\woman4\woman4_shoes.dds
1036	1	textures\models\woman4\woman4_shoes02.dds
1037	1	textures\models\woman4\woman4_shoes03.dds
1038	1	textures\models\woman4\woman4_shoes_normal.dds
1039	1	textures\models\woman4\woman4_skin_body.dds
1040	1	textures\models\woman4\woman4_skin_body_normal.dds
1041	1	textures\models\woman4\woman4_skin_head.dds
1042	1	textures\models\woman4\woman4_skin_head02.dds
1043	1	textures\models\woman4\woman4_skin_head_normal.dds
1044	1	textures\models\woman4\woman4_top.dds
1045	1	textures\models\woman4\woman4_top02.dds
1046	1	textures\models\woman4\woman4_top03.dds
1047	1	textures\models\woman4\woman4_top04.dds
1048	1	textures\models\woman4\woman4_top_normal.dds
1049	1	textures\models\woman5\woman5_body.dds
1050	1	textures\models\woman5\woman5_body_normal.dds
1051	1	textures\models\woman5\woman5_bottom.dds
1052	1	textures\models\woman5\woman5_bottom_normal.dds
1053	1	textures\models\woman5\woman5_jeans.dds
1054	1	textures\models\woman5\woman5_jeans02.dds
1055	1	textures\models\woman5\woman5_jeans03.dds
1056	1	textures\models\woman5\woman5_jeans04.dds
1057	1	textures\models\woman5\woman5_jeans_normal.dds
1058	1	textures\models\woman5\woman5_shoes.dds
1059	1	textures\models\woman5\woman5_shoes02.dds
1060	1	textures\models\woman5\woman5_shoes03.dds
1061	1	textures\models\woman5\woman5_shoes_normal.dds
1062	1	textures\models\woman5\woman5_skin_body.dds
1063	1	textures\models\woman5\woman5_skin_body_normal.dds
1064	1	textures\models\woman5\woman5_skin_head.dds
1065	1	textures\models\woman5\woman5_skin_head02.dds
1066	1	textures\models\woman5\woman5_skin_head_normal.dds
1067	1	textures\models\woman5\woman5_sweater.dds
1068	1	textures\models\woman5\woman5_sweater02.dds
1069	1	textures\models\woman5\woman5_sweater03.dds
1070	1	textures\models\woman5\woman5_sweater04.dds
1071	1	textures\models\woman5\woman5_sweater04_normal.dds
1072	1	textures\models\woman5\woman5_sweater_normal.dds
1073	1	textures\models\woman5\woman5_top.dds
1074	1	textures\models\woman5\woman5_top_normal.dds
1075	1	textures\models\woman6\woman6_body.dds
1076	1	textures\models\woman6\woman6_body_normal.dds
1077	1	textures\models\woman6\woman6_bottom.dds
1078	1	textures\models\woman6\woman6_bottom_normal.dds
1079	1	textures\models\woman6\woman6_jeans.dds
1080	1	textures\models\woman6\woman6_jeans02.dds
1081	1	textures\models\woman6\woman6_jeans03.dds
1082	1	textures\models\woman6\woman6_jeans04.dds
1083	1	textures\models\woman6\woman6_jeans_normal.dds
1084	1	textures\models\woman6\woman6_shirt.dds
1085	1	textures\models\woman6\woman6_shirt02.dds
1086	1	textures\models\woman6\woman6_shirt03.dds
1087	1	textures\models\woman6\woman6_shirt04.dds
1088	1	textures\models\woman6\woman6_shirt04_normal.dds
1089	1	textures\models\woman6\woman6_shirt_normal.dds
1090	1	textures\models\woman6\woman6_shoes.dds
1091	1	textures\models\woman6\woman6_shoes02.dds
1092	1	textures\models\woman6\woman6_shoes03.dds
1093	1	textures\models\woman6\woman6_shoes_normal.dds
1094	1	textures\models\woman6\woman6_skin_body.dds
1095	1	textures\models\woman6\woman6_skin_body_normal.dds
1096	1	textures\models\woman6\woman6_skin_head.dds
1097	1	textures\models\woman6\woman6_skin_head02.dds
1098	1	textures\models\woman6\woman6_skin_head_normal.dds
1099	1	textures\models\woman6\woman6_top.dds
1100	1	textures\models\woman6\woman6_top_normal.dds
1101	1	textures\models\woman_wedding_day\woman_wife_body.dds
1102	1	textures\models\woman_wedding_day\woman_wife_body_black.dds
1103	1	textures\models\woman_wedding_day\woman_wife_body_normal.dds
1104	1	textures\models\woman_wedding_day\woman_wife_bottom.dds
1105	1	textures\models\woman_wedding_day\woman_wife_bottom_normal.dds
1106	1	textures\models\woman_wedding_day\woman_wife_shoes.dds
1107	1	textures\models\woman_wedding_day\woman_wife_shoes_normal.dds
1108	1	textures\projectors\proj_blue.dds
1109	1	textures\projectors\proj_car_lamp.dds
1110	1	textures\projectors\proj_red.dds
1111	1	textures\sprites\FX\dirt01.dds
1112	1	textures\sprites\FX\dirt011.dds
1113	1	textures\sprites\FX\dirt011_normal.dds
1114	1	textures\sprites\FX\dirt01_normal.dds
1115	1	textures\sprites\FX\dirt02.dds
1116	1	textures\sprites\FX\dirt02_normal.dds
1117	1	textures\sprites\FX\dirt03.dds
1118	1	textures\sprites\FX\dirt03_normal.dds
1119	1	textures\sprites\FX\dirt04.dds
1120	1	textures\sprites\FX\dirt04_normal.dds
1121	1	textures\sprites\FX\dirt05.dds
1122	1	textures\sprites\FX\dirt05_normal.dds
1123	1	textures\sprites\FX\dirt06.dds
1124	1	textures\sprites\FX\dirt06_normal.dds
1125	1	textures\sprites\FX\dirt07.dds
1126	1	textures\sprites\FX\dirt07_normal.dds
1127	1	textures\sprites\FX\dirt08.dds
1128	1	textures\sprites\FX\dirt09.dds
1129	1	textures\sprites\FX\dirt10.dds
1130	1	textures\sprites\FX\dirt10_normal.dds
1131	1	textures\sprites\FX\dirt12.dds
1132	1	textures\sprites\FX\dirt12_normal.dds
1133	1	textures\sprites\FX\smoke01n.dds
1134	1	textures\sprites\FX\smokeloop2.DDS
1135	1	textures\sprites\FX\smokeloop2fire_normal.DDS
1136	1	textures\sprites\FX\smokeloop2_normal.DDS
1137	1	textures\sprites\FX\smokeloop3.DDS
1138	1	textures\sprites\FX\smokepillar1.DDS
1139	1	textures\sprites\FX\smokepillar2.DDS
1140	1	textures\sprites\FX\smokepillar2_normal.dds
1141	1	textures\sprites\FX\smokepillar3.DDS
1142	1	textures\sprites\FX\smokepillar4.DDS
1143	1	textures\sprites\FX\smokepillar4_normal.dds
1144	1	textures\sprites\FX\spr_fertilizer.dds
1145	1	textures\sprites\FX\spr_water_ripple_normal.dds
1146	1	textures\sprites\lamp01.dds
1147	1	textures\sprites\leaves01.dds
1148	1	textures\sprites\leaves02.dds
1149	1	textures\sprites\lensflares\lf_d_10.dds
1150	1	textures\sprites\lensflares\lf_d_11.DDS
1151	1	textures\sprites\lensflares\lf_d_12.DDS
1152	1	textures\sprites\lensflares\lf_d_2.dds
1153	1	textures\sprites\lensflares\lf_d_moon.DDS
1154	1	textures\sprites\spr_lamp_forward.dds
1155	1	textures\sprites\spr_lamp_rear.dds
1156	1	textures\sprites\spr_red_light_short.dds
1157	1	textures\sprites\spr_smoke01.dds
1158	1	textures\sprites\spr_smoke02.dds
1159	1	textures\sprites\spr_smoke03.dds
1160	1	textures\sprites\spr_smoke04.dds
1161	1	textures\sprites\spr_smoke05.dds
1162	1	textures\sprites\spr_splash1.dds
1163	1	textures\sprites\spr_splash2.dds
1164	1	textures\sprites\spr_splash3.dds
1165	1	textures\sprites\spr_splash4.dds
1166	1	textures\sprites\spr_splash5.dds
1167	1	textures\sprites\spr_splash6.dds
1168	1	textures\sprites\spr_splash_flat.dds
1169	1	textures\sprites\spr_splash_flat_normal.dds
1170	1	textures\system\editor_ico_field.dds
1171	1	textures\system\editor_ico_road.dds
1172	1	textures\system\editor_ico_water.dds
1173	1	textures\system\editor_rotation.DDS
1174	1	textures\system\editor_scale.DDS
1175	1	textures\system\editor_translation.DDS
1176	1	textures\system\EdytorMarkers.dds
1177	1	textures\system\EdytorMarkers_normal.dds
1178	1	textures\system\flat_normal.dds
1179	1	textures\system\system_black.dds
1180	1	textures\system\system_clouds.dds
1181	1	textures\system\system_dirty.dds
1182	1	textures\system\system_dirty_normal.dds
1183	1	textures\system\system_dissolve.dds
1184	1	textures\system\system_fertilizer_noise.dds
1185	1	textures\system\system_flying_dust.dds
1186	1	textures\system\system_flying_dust_normal.DDS
1187	1	textures\system\system_mirrors.dds
1188	1	textures\system\system_mirrors_normal.dds
1189	1	textures\system\system_modterrain_bump.dds
1190	1	textures\system\system_modterrain_cultivate.dds
1191	1	textures\system\system_modterrain_fallow.dds
1192	1	textures\system\system_modterrain_meadow.dds
1193	1	textures\system\system_modterrain_path.dds
1194	1	textures\system\system_modterrain_plough.dds
1195	1	textures\system\system_modterrain_plowed_field.dds
1196	1	textures\system\system_modterrain_ridge.dds
1197	1	textures\system\system_modterrain_sow.dds
1198	1	textures\system\system_modterrain_tire.DDS
1199	1	textures\system\system_modterrain_tire_big.DDS
1200	1	textures\system\system_noise.dds
1201	1	textures\system\system_noise_gray.dds
1202	1	textures\system\system_pole_cable.dds
1203	1	textures\system\system_raindrop.dds
1204	1	textures\system\system_raindrops_glass.dds
1205	1	textures\system\system_raindrops_glass_normal.dds
1206	1	textures\system\system_raindrop_billboard.dds
1207	1	textures\system\system_raindrop_normal.dds
1208	1	textures\system\system_sky_cirrus01.dds
1209	1	textures\system\system_sky_clouds.dds
1210	1	textures\system\system_sky_cloudy.dds
1211	1	textures\system\system_sky_cloudy_night.dds
1212	1	textures\system\system_sky_stars.dds
1213	1	textures\system\system_tire.dds
1214	1	textures\system\system_tire_normal.dds
1215	1	textures\system\system_tire_tractor.dds
1216	1	textures\system\system_tire_tractor_normal.dds
1217	1	textures\system\system_water_foam.dds
1218	1	textures\system\system_water_normal.dds
1219	1	textures\system\system_white.dds
1220	1	textures\terrain\dirt_shovel01.dds
1221	1	textures\terrain\dirt_shovel01_normal.dds
1222	1	textures\terrain\field_cultivated.dds
1223	1	textures\terrain\field_cultivated_normal.dds
1224	1	textures\terrain\field_fallow.dds
1225	1	textures\terrain\field_fallow_normal.dds
1226	1	textures\terrain\field_plowed.dds
1227	1	textures\terrain\field_plowed_normal.dds
1228	1	textures\terrain\field_sown.dds
1229	1	textures\terrain\field_sown_normal.dds
1230	1	textures\terrain\forest_ground01.DDS
1231	1	textures\terrain\forest_ground01_normal.dds
1232	1	textures\terrain\globalalbedo.dds
1233	1	textures\terrain\globalalbedo_normal.dds
1234	1	textures\terrain\grass_ground01.DDS
1235	1	textures\terrain\grass_ground01_normal.DDS
1236	1	textures\terrain\gravel_ground01.DDS
1237	1	textures\terrain\gravel_ground01_normal.DDS
1238	1	textures\terrain\map1.dds
1239	1	textures\terrain\map1_normal.DDS
1240	1	textures\terrain\mud_ground01.dds
1241	1	textures\terrain\mud_ground01_normal.DDS
1242	1	textures\terrain\plowing01.dds
1243	1	textures\terrain\plowing01_normal.dds
1244	1	textures\terrain\rock_ground01.DDS
1245	1	textures\terrain\rock_ground01_normal.DDS
1246	1	textures\terrain\sand_ground01.DDS
1247	1	textures\terrain\sand_ground01_normal.dds
1248	1	textures\terrain\sand_stone_ground01.DDS
1249	1	textures\terrain\sand_stone_ground01_normal.DDS
1250	1	textures\terrain\t_road001.DDS
1251	1	textures\terrain\t_road001_normal.DDS
1252	1	textures\terrain\t_road002.dds
1253	1	textures\terrain\t_road002_normal.dds
1254	1	textures\terrain\t_road003.dds
1255	1	textures\terrain\t_road003_normal.dds
1256	1	textures\trees\apple_bark01.dds
1257	1	textures\trees\apple_bark01_normal.dds
1258	1	textures\trees\apple_leaves01.dds
1259	1	textures\trees\apple_leaves01_autumn.dds
1260	1	textures\trees\apple_leaves01_normal.dds
1261	1	textures\trees\apple_leaves01_spring.dds
1262	1	textures\trees\beets.dds
1263	1	textures\trees\beets_grader.dds
1264	1	textures\trees\beets_grader2.dds
1265	1	textures\trees\beets_normal.dds
1266	1	textures\trees\beets_trailer.dds
1267	1	textures\trees\beets_trailer_normal.dds
1268	1	textures\trees\birch_bark3.DDS
1269	1	textures\trees\birch_bark3_normal.DDS
1270	1	textures\trees\birch_leaves01.DDS
1271	1	textures\trees\birch_leaves01_autumn.dds
1272	1	textures\trees\birch_leaves01_normal.DDS
1273	1	textures\trees\birch_leaves01_spring.DDS
1274	1	textures\trees\branch01.dds
1275	1	textures\trees\branch01_normal.dds
1276	1	textures\trees\hedge.dds
1277	1	textures\trees\hedge_autumn.dds
1278	1	textures\trees\hedge_leaf01.dds
1279	1	textures\trees\hedge_leaf01_normal.dds
1280	1	textures\trees\hedge_leaf02.dds
1281	1	textures\trees\hedge_leaf02_normal.dds
1282	1	textures\trees\hedge_normal.dds
1283	1	textures\trees\hedge_spring.dds
1284	1	textures\trees\Hydrangea01.dds
1285	1	textures\trees\Hydrangea01_normal.dds
1286	1	textures\trees\Hydrangea02.dds
1287	1	textures\trees\Hydrangea02_normal.dds
1288	1	textures\trees\leaftest.DDS
1289	1	textures\trees\leaftest_autumn.dds
1290	1	textures\trees\leaftest_normal.DDS
1291	1	textures\trees\leaftest_spring.DDS
1292	1	textures\trees\lime01.DDS
1293	1	textures\trees\lime01_normal.DDS
1294	1	textures\trees\maple_bark01.dds
1295	1	textures\trees\maple_bark01_normal.DDS
1296	1	textures\trees\maple_leaves01.dds
1297	1	textures\trees\maple_leaves01_autumn.dds
1298	1	textures\trees\maple_leaves01_normal.dds
1299	1	textures\trees\maple_leaves01_spring.dds
1300	1	textures\trees\pine_bark01.DDS
1301	1	textures\trees\pine_bark01_normal.dds
1302	1	textures\trees\pine_needle01.DDS
1303	1	textures\trees\pine_needle01_normal.DDS
1304	1	textures\trees\potatoes.dds
1305	1	textures\trees\potatoes_grader.dds
1306	1	textures\trees\potatoes_grader2.dds
1307	1	textures\trees\potatoes_normal.dds
1308	1	textures\trees\potatoes_trailer.dds
1309	1	textures\trees\potatoes_trailer_normal.dds
1310	1	textures\trees\thuja.dds
1311	1	textures\trees\thuja_autumn.dds
1312	1	textures\trees\thuja_normal.dds
1313	1	textures\trees\thuja_spring.dds
1314	1	textures\trees\tree_cap01.DDS
1315	1	textures\trees\tree_cap01_normal.DDS
1316	1	textures\vehicles\beets_harvester\beets01.dds
1317	1	textures\vehicles\beets_harvester\beets01_normal.dds
1318	1	textures\vehicles\beets_harvester\beets02.dds
1319	1	textures\vehicles\beets_harvester\beets02_normal.dds
1320	1	textures\vehicles\beets_harvester\beets_harvester_1.dds
1321	1	textures\vehicles\beets_harvester\beets_harvester_1_color.dds
1322	1	textures\vehicles\beets_harvester\beets_harvester_1_dirty.dds
1323	1	textures\vehicles\beets_harvester\beets_harvester_1_metal.dds
1324	1	textures\vehicles\beets_harvester\beets_harvester_1_normal.dds
1325	1	textures\vehicles\beets_harvester\beets_harvester_2.dds
1326	1	textures\vehicles\beets_harvester\beets_harvester_2_color.dds
1327	1	textures\vehicles\beets_harvester\beets_harvester_2_dirty.dds
1328	1	textures\vehicles\beets_harvester\beets_harvester_2_metal.dds
1329	1	textures\vehicles\beets_harvester\beets_harvester_2_normal.dds
1330	1	textures\vehicles\beets_harvester\bh_crate.dds
1331	1	textures\vehicles\beets_harvester\bh_crate_color.dds
1332	1	textures\vehicles\beets_harvester\bh_crate_normal.dds
1333	1	textures\vehicles\beets_harvester\bh_signal_lamp.dds
1334	1	textures\vehicles\beets_harvester\bh_track.dds
1335	1	textures\vehicles\beets_harvester\bh_track_normal.dds
1336	1	textures\vehicles\beets_seeder\beets_seeder.dds
1337	1	textures\vehicles\beets_seeder\beets_seeder_color.dds
1338	1	textures\vehicles\beets_seeder\beets_seeder_dirty.dds
1339	1	textures\vehicles\beets_seeder\beets_seeder_metal.dds
1340	1	textures\vehicles\beets_seeder\beets_seeder_normal.dds
1341	1	textures\vehicles\car_kr\car_kr.dds
1342	1	textures\vehicles\car_kr\car_kr_color.dds
1343	1	textures\vehicles\car_kr\car_kr_normal.dds
1344	1	textures\vehicles\car_ty\car_ty.dds
1345	1	textures\vehicles\car_ty\car_ty_color.dds
1346	1	textures\vehicles\car_ty\car_ty_normal.dds
1347	1	textures\vehicles\car_van\car_van.dds
1348	1	textures\vehicles\car_van\car_van_color.dds
1349	1	textures\vehicles\car_van\car_van_normal.dds
1350	1	textures\vehicles\chainsaw\chainsaw.dds
1351	1	textures\vehicles\chainsaw\chainsaw_metal.dds
1352	1	textures\vehicles\chainsaw\chainsaw_normal.dds
1353	1	textures\vehicles\cultivatorAC3002\cultivator_AC3002.dds
1354	1	textures\vehicles\cultivatorAC3002\cultivator_AC3002_color.dds
1355	1	textures\vehicles\cultivatorAC3002\cultivator_AC3002_metal.dds
1356	1	textures\vehicles\cultivatorAC3002\cultivator_AC3002_normal.dds
1357	1	textures\vehicles\cultivator_AKG4000\cultivator_AKG4000.dds
1358	1	textures\vehicles\cultivator_AKG4000\cultivator_AKG4000_color.dds
1359	1	textures\vehicles\cultivator_AKG4000\cultivator_AKG4000_dirty.dds
1360	1	textures\vehicles\cultivator_AKG4000\cultivator_AKG4000_metal.dds
1361	1	textures\vehicles\cultivator_AKG4000\cultivator_AKG4000_normal.dds
1362	1	textures\vehicles\cultivator_BFG\B_Labels.dds
1363	1	textures\vehicles\cultivator_BFG\cultivator_BGF.dds
1364	1	textures\vehicles\cultivator_BFG\cultivator_BGF_color.dds
1365	1	textures\vehicles\cultivator_BFG\cultivator_BGF_dirty.dds
1366	1	textures\vehicles\cultivator_BFG\cultivator_BGF_metal.dds
1367	1	textures\vehicles\cultivator_BFG\cultivator_BGF_normal.dds
1368	1	textures\vehicles\dirty\cultivator_AC3002_dirty.dds
1369	1	textures\vehicles\dirty\fertilizer_RTWS_dirty.dds
1370	1	textures\vehicles\dirty\fixed_JDB_dirty.dds
1371	1	textures\vehicles\dirty\fixed_old_fertilizer_dirty.dds
1372	1	textures\vehicles\dirty\fixed_old_harrow_001_dirty.dds
1373	1	textures\vehicles\dirty\fixed_old_harvester_001_dirty.dds
1374	1	textures\vehicles\dirty\fixed_old_harvester_header_dirty.dds
1375	1	textures\vehicles\dirty\fixed_old_harvester_wheels_dirty.dds
1376	1	textures\vehicles\dirty\fixed_old_manure_spreader_dirty.dds
1377	1	textures\vehicles\dirty\fixed_old_mower_dirty.dds
1378	1	textures\vehicles\dirty\fixed_old_pickup_dirty.dds
1379	1	textures\vehicles\dirty\fixed_old_plough_001_dirty.dds
1380	1	textures\vehicles\dirty\fixed_old_seeder_001_dirty.dds
1381	1	textures\vehicles\dirty\fixed_old_square_baler_dirty.dds
1382	1	textures\vehicles\dirty\fixed_old_tractor_dirty.dds
1383	1	textures\vehicles\dirty\fixed_old_waggon_dirty.dds
1384	1	textures\vehicles\dirty\fixed_old_waggon_wheels_dirty.dds
1385	1	textures\vehicles\dirty\harvesterL6_dirty.dds
1386	1	textures\vehicles\dirty\harvesterL6_headers_dirty.dds
1387	1	textures\vehicles\dirty\JDB_dirty.dds
1388	1	textures\vehicles\dirty\JDB_wheels_dirty.dds
1389	1	textures\vehicles\dirty\manure_spreader_wheel_ZH_dirty.dds
1390	1	textures\vehicles\dirty\manure_spreader_ZH_dirty.dds
1391	1	textures\vehicles\dirty\mower_B275_dirty.dds
1392	1	textures\vehicles\dirty\old_fertilizer_dirty.dds
1393	1	textures\vehicles\dirty\old_harrow_001_dirty.dds
1394	1	textures\vehicles\dirty\old_harvester_001_dirty.dds
1395	1	textures\vehicles\dirty\old_harvester_header_dirty.dds
1396	1	textures\vehicles\dirty\old_harvester_wheels_dirty.dds
1397	1	textures\vehicles\dirty\old_manure_spreader_dirty.dds
1398	1	textures\vehicles\dirty\old_mower_dirty.dds
1399	1	textures\vehicles\dirty\old_pickup_dirty.dds
1400	1	textures\vehicles\dirty\old_plough_001_dirty.dds
1401	1	textures\vehicles\dirty\old_seeder_001_dirty.dds
1402	1	textures\vehicles\dirty\old_square_baler_dirty.dds
1403	1	textures\vehicles\dirty\old_tractor_dirty.dds
1404	1	textures\vehicles\dirty\old_trailer_dirty.dds
1405	1	textures\vehicles\dirty\old_waggon_dirty.dds
1406	1	textures\vehicles\dirty\old_waggon_wheels_dirty.dds
1407	1	textures\vehicles\dirty\plough_LJ_dirty.dds
1408	1	textures\vehicles\dirty\seeder_aD9_dirty.dds
1409	1	textures\vehicles\dirty\small_truck1_dirty.dds
1410	1	textures\vehicles\dirty\small_truck2_dirty.dds
1411	1	textures\vehicles\dirty\tractor_L134_dirty.dds
1412	1	textures\vehicles\dirty\tractor_L134_wheels_dirty.dds
1413	1	textures\vehicles\dirty\trailer_F180_dirty.dds
1414	1	textures\vehicles\dirty\trailer_ZPW100_dirty.dds
1415	1	textures\vehicles\drone\drone.dds
1416	1	textures\vehicles\drone\drone_color.dds
1417	1	textures\vehicles\drone\drone_gate.dds
1418	1	textures\vehicles\drone\drone_gate_normal.dds
1419	1	textures\vehicles\drone\drone_normal.dds
1420	1	textures\vehicles\drone\rotor2.dds
1421	1	textures\vehicles\drone2\drone2.dds
1422	1	textures\vehicles\drone2\drone2_color.dds
1423	1	textures\vehicles\drone2\drone2_normal.dds
1424	1	textures\vehicles\fertilizer_A1501\fertilizer_A1501.dds
1425	1	textures\vehicles\fertilizer_A1501\fertilizer_A1501_color.dds
1426	1	textures\vehicles\fertilizer_A1501\fertilizer_A1501_normal.dds
1427	1	textures\vehicles\fertilizer_RTWS\fertilizer_RTWS.dds
1428	1	textures\vehicles\fertilizer_RTWS\fertilizer_RTWS_2.dds
1429	1	textures\vehicles\fertilizer_RTWS\fertilizer_RTWS_2_metal.dds
1430	1	textures\vehicles\fertilizer_RTWS\fertilizer_RTWS_2_normal.dds
1431	1	textures\vehicles\fertilizer_RTWS\fertilizer_RTWS_color.dds
1432	1	textures\vehicles\fertilizer_RTWS\fertilizer_RTWS_metal.dds
1433	1	textures\vehicles\fertilizer_RTWS\fertilizer_RTWS_normal.dds
1434	1	textures\vehicles\fishing_rod\fishing_rod.dds
1435	1	textures\vehicles\fishing_rod\fishing_rod_normal.dds
1436	1	textures\vehicles\grass_mower\gras_mower_V.dds
1437	1	textures\vehicles\grass_mower\gras_mower_V_color.dds
1438	1	textures\vehicles\grass_mower\gras_mower_V_dirty.dds
1439	1	textures\vehicles\grass_mower\gras_mower_V_metal.dds
1440	1	textures\vehicles\grass_mower\gras_mower_V_normal.dds
1441	1	textures\vehicles\harvesterL6\harvesterL6.dds
1442	1	textures\vehicles\harvesterL6\harvesterL6_color.dds
1443	1	textures\vehicles\harvesterL6\harvesterL6_headers.dds
1444	1	textures\vehicles\harvesterL6\harvesterL6_headers_color.dds
1445	1	textures\vehicles\harvesterL6\harvesterL6_headers_normal.dds
1446	1	textures\vehicles\harvesterL6\harvesterL6_interior.dds
1447	1	textures\vehicles\harvesterL6\harvesterL6_interior_normal.dds
1448	1	textures\vehicles\harvesterL6\harvesterL6_normal.dds
1449	1	textures\vehicles\harvesterL6\intel_harvesterL6.dds
1450	1	textures\vehicles\harvesterL6\intel_harvesterL6_headers.dds
1451	1	textures\vehicles\harvester_se260\potato01.dds
1452	1	textures\vehicles\harvester_se260\potato01_normal.dds
1453	1	textures\vehicles\harvester_se260\potato02.dds
1454	1	textures\vehicles\harvester_se260\potato02_normal.dds
1455	1	textures\vehicles\harvester_se260\se260.dds
1456	1	textures\vehicles\harvester_se260\se260_color.dds
1457	1	textures\vehicles\harvester_se260\se260_dirty.dds
1458	1	textures\vehicles\harvester_se260\se260_metal.dds
1459	1	textures\vehicles\harvester_se260\se260_normal.dds
1460	1	textures\vehicles\harvester_se260\se_260_stickers.dds
1461	1	textures\vehicles\harvester_se260\tasma.dds
1462	1	textures\vehicles\harvester_se260\tasma_normal.dds
1463	1	textures\vehicles\JDB\fixed_JDB.dds
1464	1	textures\vehicles\JDB\fixed_JDB_color.dds
1465	1	textures\vehicles\JDB\fixed_JDB_normal.dds
1466	1	textures\vehicles\JDB\fixed_JDB_wheels.dds
1467	1	textures\vehicles\JDB\fixed_JDB_wheels_normal.dds
1468	1	textures\vehicles\JDB\JDB.dds
1469	1	textures\vehicles\JDB\JDB_metal.dds
1470	1	textures\vehicles\JDB\JDB_normal.dds
1471	1	textures\vehicles\JDB\JDB_wheels.dds
1472	1	textures\vehicles\JDB\JDB_wheels_normal.dds
1473	1	textures\vehicles\linkage_parts\pto_uplink.dds
1474	1	textures\vehicles\linkage_parts\pto_uplink_metal.dds
1475	1	textures\vehicles\linkage_parts\pto_uplink_normal.dds
1476	1	textures\vehicles\manure_spreader_ZH\manure_spreader_wheel_ZH.dds
1477	1	textures\vehicles\manure_spreader_ZH\manure_spreader_wheel_ZH_metal.dds
1478	1	textures\vehicles\manure_spreader_ZH\manure_spreader_wheel_ZH_normal.dds
1479	1	textures\vehicles\manure_spreader_ZH\manure_spreader_ZH.dds
1480	1	textures\vehicles\manure_spreader_ZH\manure_spreader_ZH_color.dds
1481	1	textures\vehicles\manure_spreader_ZH\manure_spreader_ZH_metal.dds
1482	1	textures\vehicles\manure_spreader_ZH\manure_spreader_ZH_normal.dds
1483	1	textures\vehicles\motorsense\motorsense.dds
1484	1	textures\vehicles\motorsense\motorsense_cutter.dds
1485	1	textures\vehicles\motorsense\motorsense_cutter_normal.dds
1486	1	textures\vehicles\motorsense\motorsense_metal.dds
1487	1	textures\vehicles\motorsense\motorsense_normal.dds
1488	1	textures\vehicles\mower_B275\mower_B275.dds
1489	1	textures\vehicles\mower_B275\mower_B275_color.dds
1490	1	textures\vehicles\mower_B275\mower_B275_metal.dds
1491	1	textures\vehicles\mower_B275\mower_B275_normal.dds
1492	1	textures\vehicles\old_fertilizer\fixed_old_fertilizer.dds
1493	1	textures\vehicles\old_fertilizer\fixed_old_fertilizer_color.dds
1494	1	textures\vehicles\old_fertilizer\fixed_old_fertilizer_normal.dds
1495	1	textures\vehicles\old_fertilizer\old_fertilizer.dds
1496	1	textures\vehicles\old_fertilizer\old_fertilizer_metal.dds
1497	1	textures\vehicles\old_fertilizer\old_fertilizer_normal.dds
1498	1	textures\vehicles\old_harrow_001\fixed_old_harrow_001.dds
1499	1	textures\vehicles\old_harrow_001\fixed_old_harrow_001_color.dds
1500	1	textures\vehicles\old_harrow_001\fixed_old_harrow_001_normal.dds
1501	1	textures\vehicles\old_harrow_001\old_harrow_001.dds
1502	1	textures\vehicles\old_harrow_001\old_harrow_001_normal.dds
1503	1	textures\vehicles\old_harvester_001\fixed_old_harvester_001.dds
1504	1	textures\vehicles\old_harvester_001\fixed_old_harvester_001_color.dds
1505	1	textures\vehicles\old_harvester_001\fixed_old_harvester_001_normal.dds
1506	1	textures\vehicles\old_harvester_001\fixed_old_harvester_header.dds
1507	1	textures\vehicles\old_harvester_001\fixed_old_harvester_header_color.dds
1508	1	textures\vehicles\old_harvester_001\fixed_old_harvester_header_normal.dds
1509	1	textures\vehicles\old_harvester_001\fixed_old_harvester_wheels.dds
1510	1	textures\vehicles\old_harvester_001\fixed_old_harvester_wheels_normal.dds
1511	1	textures\vehicles\old_harvester_001\old_harvester_001.dds
1512	1	textures\vehicles\old_harvester_001\old_harvester_001_metal.dds
1513	1	textures\vehicles\old_harvester_001\old_harvester_001_normal.dds
1514	1	textures\vehicles\old_harvester_001\old_harvester_crate.dds
1515	1	textures\vehicles\old_harvester_001\old_harvester_crate_normal.dds
1516	1	textures\vehicles\old_harvester_001\old_harvester_header.dds
1517	1	textures\vehicles\old_harvester_001\old_harvester_header_normal.dds
1518	1	textures\vehicles\old_harvester_001\old_harvester_wheels.dds
1519	1	textures\vehicles\old_harvester_001\old_harvester_wheels_normal.dds
1520	1	textures\vehicles\old_manure_spreader\fixed_old_manure_spreader.dds
1521	1	textures\vehicles\old_manure_spreader\fixed_old_manure_spreader_color.dds
1522	1	textures\vehicles\old_manure_spreader\fixed_old_manure_spreader_normal.dds
1523	1	textures\vehicles\old_manure_spreader\manure_transparent.dds
1524	1	textures\vehicles\old_manure_spreader\old_manure_spreader.dds
1525	1	textures\vehicles\old_manure_spreader\old_manure_spreader_metal.dds
1526	1	textures\vehicles\old_manure_spreader\old_manure_spreader_normal.dds
1527	1	textures\vehicles\old_mower\fixed_old_mower.dds
1528	1	textures\vehicles\old_mower\fixed_old_mower_color.dds
1529	1	textures\vehicles\old_mower\fixed_old_mower_metal.dds
1530	1	textures\vehicles\old_mower\fixed_old_mower_normal.dds
1531	1	textures\vehicles\old_mower\old_mower.dds
1532	1	textures\vehicles\old_mower\old_mower_metal.dds
1533	1	textures\vehicles\old_mower\old_mower_normal.dds
1534	1	textures\vehicles\old_pickup\fixed_old_pickup.dds
1535	1	textures\vehicles\old_pickup\fixed_old_pickup_color.dds
1536	1	textures\vehicles\old_pickup\fixed_old_pickup_normal.dds
1537	1	textures\vehicles\old_pickup\old_pickup.dds
1538	1	textures\vehicles\old_pickup\old_pickup_interior.dds
1539	1	textures\vehicles\old_pickup\old_pickup_interior_normal.dds
1540	1	textures\vehicles\old_pickup\old_pickup_metal.dds
1541	1	textures\vehicles\old_pickup\old_pickup_normal.dds
1542	1	textures\vehicles\old_plough_001\fixed_old_plough_001.dds
1543	1	textures\vehicles\old_plough_001\fixed_old_plough_001_color.dds
1544	1	textures\vehicles\old_plough_001\fixed_old_plough_001_normal.dds
1545	1	textures\vehicles\old_plough_001\old_plough_001.dds
1546	1	textures\vehicles\old_plough_001\old_plough_001_metal.dds
1547	1	textures\vehicles\old_plough_001\old_plough_001_normal.dds
1548	1	textures\vehicles\old_seeder_001\fixed_old_seeder_001.dds
1549	1	textures\vehicles\old_seeder_001\fixed_old_seeder_001_color.dds
1550	1	textures\vehicles\old_seeder_001\fixed_old_seeder_001_normal.dds
1551	1	textures\vehicles\old_seeder_001\old_seeder_001.dds
1552	1	textures\vehicles\old_seeder_001\old_seeder_001_normal.dds
1553	1	textures\vehicles\old_square_baler\fixed_old_square_baler.dds
1554	1	textures\vehicles\old_square_baler\fixed_old_square_baler_color.dds
1555	1	textures\vehicles\old_square_baler\fixed_old_square_baler_normal.dds
1556	1	textures\vehicles\old_square_baler\old_square_baler.dds
1557	1	textures\vehicles\old_square_baler\old_square_baler_metal.dds
1558	1	textures\vehicles\old_square_baler\old_square_baler_normal.dds
1559	1	textures\vehicles\old_tractor\fixed_old_tractor.dds
1560	1	textures\vehicles\old_tractor\fixed_old_tractor_color.dds
1561	1	textures\vehicles\old_tractor\fixed_old_tractor_metal.dds
1562	1	textures\vehicles\old_tractor\fixed_old_tractor_normal.dds
1563	1	textures\vehicles\old_tractor\old_tractor.dds
1564	1	textures\vehicles\old_tractor\old_tractor_normal.dds
1565	1	textures\vehicles\old_trailer\fixed_old_trailer.dds
1566	1	textures\vehicles\old_trailer\fixed_old_trailer_color.dds
1567	1	textures\vehicles\old_trailer\fixed_old_trailer_normal.dds
1568	1	textures\vehicles\old_trailer\old_trailer.dds
1569	1	textures\vehicles\old_trailer\old_trailer_normal.dds
1570	1	textures\vehicles\old_waggon\fixed_old_waggon.dds
1571	1	textures\vehicles\old_waggon\fixed_old_waggon_normal.dds
1572	1	textures\vehicles\old_waggon\fixed_old_waggon_wheels.dds
1573	1	textures\vehicles\old_waggon\fixed_old_waggon_wheels_color.dds
1574	1	textures\vehicles\old_waggon\fixed_old_waggon_wheels_normal.dds
1575	1	textures\vehicles\old_waggon\old_waggon.dds
1576	1	textures\vehicles\old_waggon\old_waggon_normal.dds
1577	1	textures\vehicles\old_waggon\old_waggon_wheels.dds
1578	1	textures\vehicles\old_waggon\old_waggon_wheels_metal.dds
1579	1	textures\vehicles\old_waggon\old_waggon_wheels_normal.dds
1580	1	textures\vehicles\plane\plane_001.dds
1581	1	textures\vehicles\plane\plane_001_normal.dds
1582	1	textures\vehicles\plough_LJ\plough_LJ.dds
1583	1	textures\vehicles\plough_LJ\plough_LJ_color.dds
1584	1	textures\vehicles\plough_LJ\plough_LJ_metal.dds
1585	1	textures\vehicles\plough_LJ\plough_LJ_normal.dds
1586	1	textures\vehicles\seeder_aD9\seeder_aD9.dds
1587	1	textures\vehicles\seeder_aD9\seeder_aD9_color.dds
1588	1	textures\vehicles\seeder_aD9\seeder_aD9_crate.dds
1589	1	textures\vehicles\seeder_aD9\seeder_aD9_crate_normal.dds
1590	1	textures\vehicles\seeder_aD9\seeder_aD9_metal.dds
1591	1	textures\vehicles\seeder_aD9\seeder_aD9_normal.dds
1592	1	textures\vehicles\seeder_aD9_6000\AD9_6000.dds
1593	1	textures\vehicles\seeder_aD9_6000\AD9_6000_color.dds
1594	1	textures\vehicles\seeder_aD9_6000\AD9_6000_crate.dds
1595	1	textures\vehicles\seeder_aD9_6000\AD9_6000_crate_normal.dds
1596	1	textures\vehicles\seeder_aD9_6000\AD9_6000_dirty.dds
1597	1	textures\vehicles\seeder_aD9_6000\AD9_6000_metal.dds
1598	1	textures\vehicles\seeder_aD9_6000\AD9_6000_normal.dds
1599	1	textures\vehicles\seeder_gl420\gl420.dds
1600	1	textures\vehicles\seeder_gl420\gl420_color.dds
1601	1	textures\vehicles\seeder_gl420\gl420_dirty.dds
1602	1	textures\vehicles\seeder_gl420\gl420_metal.dds
1603	1	textures\vehicles\seeder_gl420\gl420_normal.dds
1604	1	textures\vehicles\small_truck\small_truck1.dds
1605	1	textures\vehicles\small_truck\small_truck1_normal.dds
1606	1	textures\vehicles\small_truck\small_truck2.dds
1607	1	textures\vehicles\small_truck\small_truck2_color.dds
1608	1	textures\vehicles\small_truck\small_truck2_normal.dds
1609	1	textures\vehicles\square_baler_Q3\square_baler_Q3.dds
1610	1	textures\vehicles\square_baler_Q3\square_baler_Q3_color.dds
1611	1	textures\vehicles\square_baler_Q3\square_baler_Q3_dirty.dds
1612	1	textures\vehicles\square_baler_Q3\square_baler_Q3_metal.dds
1613	1	textures\vehicles\square_baler_Q3\square_baler_Q3_normal.dds
1614	1	textures\vehicles\tractor_CA\tractor_CA.dds
1615	1	textures\vehicles\tractor_CA\tractor_CA_color.dds
1616	1	textures\vehicles\tractor_CA\tractor_CA_dirty.dds
1617	1	textures\vehicles\tractor_CA\tractor_CA_interior.dds
1618	1	textures\vehicles\tractor_CA\tractor_CA_interior_dirty.dds
1619	1	textures\vehicles\tractor_CA\tractor_CA_interior_normal.dds
1620	1	textures\vehicles\tractor_CA\tractor_CA_metal.dds
1621	1	textures\vehicles\tractor_CA\tractor_CA_normal.dds
1622	1	textures\vehicles\tractor_CX\tractor_cx.dds
1623	1	textures\vehicles\tractor_CX\tractor_cx_color.dds
1624	1	textures\vehicles\tractor_CX\tractor_cx_dirty.dds
1625	1	textures\vehicles\tractor_CX\tractor_cx_interior.dds
1626	1	textures\vehicles\tractor_CX\tractor_cx_interior_dirty.dds
1627	1	textures\vehicles\tractor_CX\tractor_cx_interior_normal.dds
1628	1	textures\vehicles\tractor_CX\tractor_cx_metal.dds
1629	1	textures\vehicles\tractor_CX\tractor_cx_normal.dds
1630	1	textures\vehicles\tractor_FV\tractor_FV.dds
1631	1	textures\vehicles\tractor_FV\tractor_FV_color.dds
1632	1	textures\vehicles\tractor_FV\tractor_FV_dirty.dds
1633	1	textures\vehicles\tractor_FV\tractor_FV_interior.dds
1634	1	textures\vehicles\tractor_FV\tractor_FV_interior_dirty.dds
1635	1	textures\vehicles\tractor_FV\tractor_FV_interior_normal.dds
1636	1	textures\vehicles\tractor_FV\tractor_FV_metal.dds
1637	1	textures\vehicles\tractor_FV\tractor_FV_normal.dds
1638	1	textures\vehicles\tractor_L134\logos_transparent.dds
1639	1	textures\vehicles\tractor_L134\tractor_L134.dds
1640	1	textures\vehicles\tractor_L134\tractor_L134_color.dds
1641	1	textures\vehicles\tractor_L134\tractor_L134_interrior.dds
1642	1	textures\vehicles\tractor_L134\tractor_L134_interrior_normal.dds
1643	1	textures\vehicles\tractor_L134\tractor_L134_light_front.dds
1644	1	textures\vehicles\tractor_L134\tractor_L134_light_front_normal.dds
1645	1	textures\vehicles\tractor_L134\tractor_L134_light_rear.dds
1646	1	textures\vehicles\tractor_L134\tractor_L134_light_rear_normal.dds
1647	1	textures\vehicles\tractor_L134\tractor_L134_metal.dds
1648	1	textures\vehicles\tractor_L134\tractor_L134_normal.dds
1649	1	textures\vehicles\tractor_L134\tractor_L134_panel.dds
1650	1	textures\vehicles\tractor_L134\tractor_L134_panel_normal.dds
1651	1	textures\vehicles\tractor_L134\tractor_L134_wheels.dds
1652	1	textures\vehicles\tractor_L134\tractor_L134_wheels_normal.dds
1653	1	textures\vehicles\tractor_L134\tractor_L134_windows.dds
1654	1	textures\vehicles\tractor_L134\tractor_L134_windows_normal.dds
1655	1	textures\vehicles\tractor_L90\logos_transparent2.dds
1656	1	textures\vehicles\tractor_L90\tractorL90.dds
1657	1	textures\vehicles\tractor_L90\tractorL90_color.dds
1658	1	textures\vehicles\tractor_L90\tractorL90_dirty.dds
1659	1	textures\vehicles\tractor_L90\tractorL90_interior.dds
1660	1	textures\vehicles\tractor_L90\tractorL90_interior_normal.dds
1661	1	textures\vehicles\tractor_L90\tractorL90_normal.dds
1662	1	textures\vehicles\tractor_L90\tractorL90_panel.dds
1663	1	textures\vehicles\tractor_L90\tractorL90_panel_normal.dds
1664	1	textures\vehicles\tractor_L94\tractor_L94.dds
1665	1	textures\vehicles\tractor_L94\tractor_L94_color.dds
1666	1	textures\vehicles\tractor_L94\tractor_L94_dirty.dds
1667	1	textures\vehicles\tractor_L94\tractor_L94_interior.dds
1668	1	textures\vehicles\tractor_L94\tractor_L94_interior_normal.dds
1669	1	textures\vehicles\tractor_L94\tractor_L94_normal.dds
1670	1	textures\vehicles\tractor_L94\tractor_L94_panel.dds
1671	1	textures\vehicles\trailer_BHT40\trailer_kipwagen_B40.dds
1672	1	textures\vehicles\trailer_BHT40\trailer_kipwagen_B40_color.dds
1673	1	textures\vehicles\trailer_BHT40\trailer_kipwagen_B40_dirty.dds
1674	1	textures\vehicles\trailer_BHT40\trailer_kipwagen_B40_metal.dds
1675	1	textures\vehicles\trailer_BHT40\trailer_kipwagen_B40_normal.dds
1676	1	textures\vehicles\trailer_F110\trailer_F110.dds
1677	1	textures\vehicles\trailer_F110\trailer_F110_color.dds
1678	1	textures\vehicles\trailer_F110\trailer_F110_dirty.dds
1679	1	textures\vehicles\trailer_F110\trailer_F110_metal.dds
1680	1	textures\vehicles\trailer_F110\trailer_F110_normal.dds
1681	1	textures\vehicles\trailer_F180\trailer_F180.dds
1682	1	textures\vehicles\trailer_F180\trailer_F180_color.dds
1683	1	textures\vehicles\trailer_F180\trailer_F180_metal.dds
1684	1	textures\vehicles\trailer_F180\trailer_F180_normal.dds
1685	1	textures\vehicles\trailer_FB271\trailer_FB271.dds
1686	1	textures\vehicles\trailer_FB271\trailer_FB271_color.dds
1687	1	textures\vehicles\trailer_FB271\trailer_FB271_dirty.dds
1688	1	textures\vehicles\trailer_FB271\trailer_FB271_normal.dds
1689	1	textures\vehicles\trailer_FB271\trailer_FB371_transp.dds
1690	1	textures\vehicles\trailer_K500\trailer_K500.dds
1691	1	textures\vehicles\trailer_K500\trailer_K500_color.dds
1692	1	textures\vehicles\trailer_K500\trailer_K500_dirty.dds
1693	1	textures\vehicles\trailer_K500\trailer_K500_normal.dds
1694	1	textures\vehicles\trailer_K900\trailer_K900.dds
1695	1	textures\vehicles\trailer_K900\trailer_K900_color.dds
1696	1	textures\vehicles\trailer_K900\trailer_K900_dirty.dds
1697	1	textures\vehicles\trailer_K900\trailer_K900_metal.dds
1698	1	textures\vehicles\trailer_K900\trailer_K900_normal.dds
1699	1	textures\vehicles\trailer_K900\trailer_labels.dds
1700	1	textures\vehicles\trailer_ZPW100\trailer_ZPW100.dds
1701	1	textures\vehicles\trailer_ZPW100\trailer_ZPW100_color.dds
1702	1	textures\vehicles\trailer_ZPW100\trailer_ZPW100_metal.dds
1703	1	textures\vehicles\trailer_ZPW100\trailer_ZPW100_normal.dds
1704	1	textures\vehicles\Train\Train001.dds
1705	1	textures\vehicles\Train\Train001_normal.dds
1706	1	textures\vehicles\transparent_logos.dds